index,Date,Open,High,Low,Close,Volume
0,1/3/2012,0.0858137,0.0964013,0.0904493,0.2375729,0.2952583
1,1/4/2012,0.0970124,0.0983435,0.0982346,0.2415143,0.2299359
2,1/5/2012,0.0943337,0.0925169,0.0940862,0.2287805,0.2636123
3,1/6/2012,0.0915619,0.0888192,0.0880058,0.2164188,0.2161794
4,1/9/2012,0.0798423,0.0767176,0.0610699,0.1785483,0.4677974
5,1/10/2012,0.0643277,0.0644481,0.0569783,0.1794716,0.3530677
6,1/11/2012,0.0585423,0.0603395,0.0609562,0.1833579,0.1926272
7,1/12/2012,0.0656857,0.063589,0.0660327,0.1884156,0.1504405
8,1/13/2012,0.0610909,0.0580611,0.0608994,0.1820211,0.1851782
9,1/17/2012,0.0663926,0.0627486,0.0652561,0.1869548,0.1531798
10,1/18/2012,0.0614257,0.0646348,0.0619033,0.1929082,0.2217101
11,1/19/2012,0.0747451,0.0711338,0.0707115,0.2020589,0.5066039
12,1/20/2012,0.0279783,0.0246326,0.0237536,0.1284263,0.849976
13,1/23/2012,0.0237927,0.0224476,0.0251364,0.1277786,0.2740649
14,1/24/2012,0.0240903,0.0215325,0.0202682,0.1214669,0.2453544
15,1/25/2012,0.0159238,0.0131847,0.0093007,0.1057426,0.4006728
16,1/26/2012,0.0107895,0.0092629,0.0075769,0.103827,0.2590549
17,1/27/2012,0.0096733,0.0146974,0.0120852,0.1201577,0.2905126
18,1/30/2012,0.0164261,0.0143986,0.0159304,0.1170156,0.1870445
19,1/31/2012,0.0210023,0.0181149,0.0175784,0.1203368,0.1719183
20,2/1/2012,0.0228068,0.0195156,0.0213479,0.1213291,0.1862555
21,2/2/2012,0.0227323,0.0203559,0.0241135,0.1272136,0.1938126
22,2/3/2012,0.0281085,0.0302725,0.0297583,0.1426347,0.2544173
23,2/6/2012,0.0321266,0.043065,0.0353841,0.1601643,0.2955066
24,2/7/2012,0.0433812,0.041739,0.0445711,0.1569808,0.1678734
25,2/8/2012,0.0447578,0.0435505,0.0454993,0.1612116,0.1473168
26,2/9/2012,0.0479016,0.0464825,0.0495151,0.1634304,0.1817541
27,2/10/2012,0.0440695,0.0405625,0.0447985,0.1557957,0.1866159
28,2/13/2012,0.0464878,0.0458662,0.0504811,0.1644364,0.1457028
29,2/14/2012,0.0474552,0.0441668,0.0455183,0.1610876,0.1446936
30,2/15/2012,0.0487387,0.0450259,0.0434346,0.1553133,0.1947137
31,2/16/2012,0.039363,0.0411975,0.0388885,0.1566363,0.2031558
32,2/17/2012,0.0413721,0.0400956,0.043302,0.1540455,0.1965759
33,2/21/2012,0.040349,0.0496386,0.0437377,0.166917,0.199127
34,2/22/2012,0.0478458,0.0486115,0.0473557,0.1585932,0.1578214
35,2/23/2012,0.043251,0.0403757,0.041351,0.1560713,0.1648939
36,2/24/2012,0.0435672,0.0438307,0.0462191,0.1612805,0.1552944
37,2/27/2012,0.0428603,0.044503,0.0458024,0.1604675,0.1455106
38,2/28/2012,0.0460228,0.0513941,0.0482838,0.1729532,0.2286143
39,2/29/2012,0.0539847,0.0568099,0.0556524,0.1727602,0.2518742
40,3/1/2012,0.0573889,0.0569033,0.0581528,0.1784656,0.1795795
41,3/2/2012,0.0571471,0.0553159,0.0601985,0.1768808,0.1261674
42,3/5/2012,0.0556961,0.0539153,0.0517692,0.1672616,0.1277733
43,3/6/2012,0.0442183,0.0411975,0.0352137,0.1544864,0.2548899
44,3/7/2012,0.0451484,0.0434011,0.0465601,0.1570222,0.1013416
45,3/8/2012,0.04606,0.0436999,0.0470147,0.1574907,0.1078494
46,3/9/2012,0.0441253,0.0440734,0.0410289,0.1480231,0.2143853
47,3/12/2012,0.0367587,0.0395167,0.0403281,0.1547483,0.1338606
48,3/13/2012,0.0448694,0.0496013,0.046257,0.1721125,0.1802323
49,3/14/2012,0.0506548,0.0541954,0.0537203,0.1696457,0.235795
50,3/15/2012,0.052143,0.0548677,0.0550273,0.1767154,0.1954505
51,3/16/2012,0.056124,0.0571087,0.0599523,0.18209,0.2449299
52,3/19/2012,0.0581889,0.0676789,0.0610699,0.194369,0.1743652
53,3/20/2012,0.0654067,0.0665397,0.0667525,0.1937075,0.1235282
54,3/21/2012,0.0688295,0.0770912,0.0716965,0.2026239,0.1982259
55,3/22/2012,0.0724384,0.0783984,0.0702758,0.2109615,0.1934521
56,3/23/2012,0.0799353,0.0781183,0.0796143,0.206207,0.1556628
57,3/26/2012,0.0784657,0.0790334,0.0783452,0.2154679,0.1459351
58,3/27/2012,0.0803445,0.0827684,0.0833081,0.2122983,0.1610533
59,3/28/2012,0.0849766,0.0875119,0.0892181,0.2243016,0.2037966
60,3/29/2012,0.0862787,0.0856444,0.0828345,0.2142001,0.1543853
61,3/30/2012,0.0847161,0.0827497,0.079709,0.2043466,0.1854545
62,4/2/2012,0.0745405,0.0771845,0.0738938,0.2121605,0.18332
63,4/3/2012,0.0788377,0.0776141,0.0774928,0.2062484,0.1640809
64,4/4/2012,0.0723826,0.0692849,0.0703705,0.1959814,0.1305326
65,4/5/2012,0.0666344,0.0668945,0.0679838,0.1920951,0.1860953
66,4/9/2012,0.0631557,0.0658674,0.0648962,0.1900555,0.1751582
67,4/10/2012,0.067825,0.0651017,0.0641953,0.1845844,0.1992231
68,4/11/2012,0.0682342,0.0664836,0.0705599,0.1970977,0.1764678
69,4/12/2012,0.0760101,0.0824323,0.0790082,0.2177832,0.462491
70,4/13/2012,0.0808282,0.0785665,0.0632482,0.1814837,0.6556588
71,4/16/2012,0.0580772,0.0551478,0.0426012,0.1560162,0.4573008
72,4/17/2012,0.0446834,0.0494519,0.0476398,0.1608258,0.2427913
73,4/18/2012,0.0442183,0.0449138,0.0436809,0.1579179,0.2142972
74,4/19/2012,0.0420232,0.0481259,0.0400818,0.1467139,0.2645535
75,4/20/2012,0.0407024,0.0412348,0.037089,0.1422626,0.2455667
76,4/23/2012,0.0301734,0.0315611,0.0317851,0.1443711,0.1763716
77,4/24/2012,0.0351217,0.0391619,0.0384907,0.149415,0.1547737
78,4/25/2012,0.0404606,0.0435505,0.0437377,0.1610325,0.1460913
79,4/26/2012,0.0468599,0.0497507,0.0501781,0.1689291,0.1679095
80,4/27/2012,0.0506734,0.0485741,0.0510305,0.1682676,0.1312375
81,4/30/2012,0.0487946,0.0479579,0.0415972,0.1543349,0.1932199
82,5/1/2012,0.0402746,0.0437933,0.0411994,0.1537698,0.1606608
83,5/2/2012,0.0378748,0.0405438,0.0415972,0.1576561,0.1292391
84,5/3/2012,0.0456693,0.0468,0.0494772,0.162824,0.1498598
85,5/4/2012,0.0422464,0.0403384,0.0380171,0.1435167,0.1771486
86,5/7/2012,0.0321266,0.0428222,0.0363123,0.1580558,0.160028
87,5/8/2012,0.0418744,0.0487236,0.0416919,0.1652495,0.2149259
88,5/9/2012,0.0430836,0.048238,0.0427337,0.160247,0.1869083
89,5/10/2012,0.048776,0.0480512,0.0506895,0.1664485,0.1231598
90,5/11/2012,0.0463576,0.0465386,0.0455372,0.1548585,0.1684622
91,5/14/2012,0.0374842,0.0408986,0.0415783,0.1531772,0.1463556
92,5/15/2012,0.041707,0.0469494,0.0445711,0.1629481,0.1686824
93,5/16/2012,0.053408,0.0609931,0.0560691,0.1874371,0.3884021
94,5/17/2012,0.068104,0.0682018,0.0610699,0.1793476,0.2693152
95,5/18/2012,0.0600119,0.0631595,0.0379224,0.1482298,0.4799279
96,5/21/2012,0.0372238,0.047603,0.0410289,0.1670686,0.2469323
97,5/22/2012,0.0492038,0.0458476,0.0372594,0.1487811,0.2450421
98,5/23/2012,0.0382841,0.0419258,0.0383202,0.1606742,0.2551862
99,5/24/2012,0.0452415,0.0440921,0.0399682,0.1527087,0.1517301
100,5/25/2012,0.0376888,0.0346051,0.0299667,0.1360335,0.2876492
101,5/29/2012,0.0328707,0.032196,0.0300045,0.1398922,0.209171
102,5/30/2012,0.0257832,0.0254543,0.0254963,0.1314995,0.1529716
103,5/31/2012,0.026304,0.0236988,0.0212153,0.1213704,0.238322
104,6/1/2012,0.0106221,0.0075634,0.011157,0.107796,0.2455266
105,6/4/2012,0.0091711,0.0148468,0.0127292,0.1182559,0.1952583
106,6/5/2012,0.0140077,0.0126618,0.0093954,0.1070105,0.1877974
107,6/6/2012,0.0149565,0.0162287,0.0161199,0.1209707,0.1681738
108,6/7/2012,0.0252623,0.0217379,0.0195674,0.1177597,0.1410573
109,6/8/2012,0.0143798,0.0153323,0.017048,0.1208054,0.1130717
110,6/11/2012,0.0221185,0.0193475,0.0096037,0.1043783,0.2136243
111,6/12/2012,0.0087432,0.0053785,0.0019511,0.0997065,0.2588947
112,6/13/2012,0.0012836,0.002297,0.0020458,0.094194,0.1567922
113,6/14/2012,0.0008929,0.0005042,0.0,0.0913964,0.1881978
114,6/15/2012,0.0,0.0,0.0005304,0.0988934,0.2409652
115,6/18/2012,0.0021207,0.0090014,0.0025761,0.1076168,0.2004205
116,6/19/2012,0.0122777,0.0183764,0.0156653,0.1222937,0.1665999
117,6/20/2012,0.0180445,0.0143986,0.0160252,0.1167675,0.188342
118,6/21/2012,0.0180817,0.0142492,0.0068003,0.0998581,0.1613817
119,6/22/2012,0.0071062,0.0064616,0.0087703,0.108485,0.1787946
120,6/25/2012,0.0064923,0.0033055,0.0007766,0.0936565,0.1268322
121,6/26/2012,0.0022509,0.0019235,0.0028035,0.0991277,0.1082339
122,6/27/2012,0.0068271,0.008796,0.0089597,0.1054808,0.1357349
123,6/28/2012,0.0051529,0.0015874,0.000644,0.0986178,0.1541129
124,6/29/2012,0.0135613,0.0145106,0.0147939,0.1202817,0.2022387
125,7/2/2012,0.0199048,0.0171812,0.0188476,0.1208329,0.1327753
126,7/3/2012,0.0182305,0.0222235,0.0202682,0.1309483,0.0953104
127,7/5/2012,0.0263412,0.0330551,0.0302129,0.1420696,0.1882779
128,7/6/2012,0.0297641,0.026967,0.0248144,0.1284126,0.1734802
129,7/9/2012,0.0228068,0.0223915,0.0233369,0.1284539,0.1375691
130,7/10/2012,0.027662,0.0259585,0.0209691,0.122528,0.1542891
131,7/11/2012,0.014789,0.0124003,0.0079558,0.1080854,0.2810092
132,7/12/2012,0.0062877,0.0068911,0.0052659,0.1071069,0.1853785
133,7/13/2012,0.0109569,0.0135955,0.0113464,0.1154032,0.1585423
134,7/16/2012,0.0148635,0.0136329,0.0143961,0.113212,0.1172687
135,7/17/2012,0.0167795,0.0150148,0.0112138,0.1156926,0.1347537
136,7/18/2012,0.0154215,0.0178348,0.0185066,0.1212326,0.124149
137,7/19/2012,0.0239229,0.0315797,0.0278262,0.138142,0.3755066
138,7/20/2012,0.0448694,0.0450445,0.0393052,0.1625484,0.5193392
139,7/23/2012,0.0372051,0.0500682,0.039381,0.1689842,0.2860272
140,7/24/2012,0.0506548,0.049676,0.0451205,0.1580833,0.1612295
141,7/25/2012,0.0444602,0.0454367,0.0460865,0.1586621,0.1462435
142,7/26/2012,0.0506548,0.0486862,0.0505001,0.166035,0.1351622
143,7/27/2012,0.0542637,0.0655499,0.0575466,0.1957196,0.2850621
144,7/30/2012,0.0701689,0.0726278,0.0688551,0.1920676,0.1754826
145,7/31/2012,0.0629511,0.0669505,0.0676618,0.1929909,0.1496676
146,8/1/2012,0.0713223,0.0697518,0.0706357,0.1925913,0.1479776
147,8/2/2012,0.0604026,0.0683698,0.0631156,0.1871891,0.1586784
148,8/3/2012,0.0738336,0.0736736,0.075125,0.2044706,0.1521986
149,8/6/2012,0.0734616,0.07894,0.0780421,0.206524,0.1429756
150,8/7/2012,0.0754892,0.0741778,0.075447,0.2033957,0.1590068
151,8/8/2012,0.0729407,0.0756718,0.0773602,0.2057109,0.1059792
152,8/9/2012,0.0780006,0.0761387,0.0802015,0.2058763,0.0857269
153,8/10/2012,0.0725128,0.0722916,0.075125,0.2053939,0.115014
154,8/13/2012,0.080698,0.0889499,0.0850697,0.2301448,0.2624069
155,8/14/2012,0.0916549,0.1007713,0.0967003,0.242038,0.2940689
156,8/15/2012,0.1018863,0.1020785,0.1015116,0.2404945,0.1934922
157,8/16/2012,0.0993191,0.1024334,0.104315,0.247826,0.1377773
158,8/17/2012,0.1054394,0.1048612,0.1086907,0.2536968,0.1747577
159,8/20/2012,0.106723,0.1063738,0.109581,0.2514918,0.1410252
160,8/21/2012,0.1045093,0.1055521,0.0996931,0.2432093,0.178338
161,8/22/2012,0.0991889,0.1079799,0.1039741,0.2537519,0.1531718
162,8/23/2012,0.1055882,0.1078679,0.1080277,0.2532282,0.1431237
163,8/24/2012,0.106816,0.1078305,0.1109259,0.2557364,0.1143732
164,8/27/2012,0.0951336,0.0999869,0.0969276,0.2428097,0.2098118
165,8/28/2012,0.0969938,0.1051973,0.1021177,0.2538484,0.1651862
166,8/29/2012,0.108453,0.1157861,0.112877,0.2686355,0.2400881
167,8/30/2012,0.1148151,0.1142921,0.1166843,0.2599259,0.1304766
168,8/31/2012,0.1145919,0.115394,0.1165518,0.2646114,0.1706888
169,9/4/2012,0.1151127,0.1120698,0.1103766,0.2590576,0.1515939
170,9/5/2012,0.1108899,0.1134704,0.1156993,0.2586167,0.1370124
171,9/6/2012,0.1164149,0.1259268,0.1209842,0.2842909,0.2443652
172,9/7/2012,0.1294181,0.1374307,0.1331831,0.2935656,0.2595995
173,9/10/2012,0.138459,0.1379349,0.133865,0.2861651,0.2054946
174,9/11/2012,0.1275393,0.1266364,0.1268942,0.2743685,0.1503244
175,9/12/2012,0.1196146,0.1212953,0.1173473,0.2725769,0.2121105
176,9/13/2012,0.1230188,0.1344053,0.1264586,0.293414,0.2134561
177,9/14/2012,0.1383287,0.1381217,0.1419912,0.2984165,0.2101962
178,9/17/2012,0.1369336,0.1380096,0.140097,0.29883,0.1209411
179,9/18/2012,0.1366359,0.1433881,0.1417828,0.310227,0.165843
180,9/19/2012,0.1456396,0.1525949,0.1508751,0.3229056,0.2487705
181,9/20/2012,0.1520946,0.1552094,0.1554023,0.32376,0.2334241
182,9/21/2012,0.1592752,0.1585149,0.1638127,0.331822,0.5109291
183,9/24/2012,0.1581591,0.1725774,0.1639264,0.352976,0.2861954
184,9/25/2012,0.1785847,0.186397,0.1803493,0.3526728,0.4867641
185,9/26/2012,0.1756083,0.1829981,0.1740794,0.358585,0.4557589
186,9/27/2012,0.184984,0.1844921,0.1841188,0.3627606,0.3157269
187,9/28/2012,0.1796079,0.1811866,0.1836452,0.3600044,0.2234602
188,10/1/2012,0.1841469,0.1864904,0.1884187,0.3700095,0.2543773
189,10/2/2012,0.1898393,0.1874055,0.1828118,0.3634359,0.2240008
190,10/3/2012,0.1810589,0.1854819,0.1846492,0.3710018,0.1772207
191,10/4/2012,0.1875698,0.1910471,0.1914305,0.3786365,0.1969884
192,10/5/2012,0.194955,0.1952117,0.1967344,0.3780853,0.2196356
193,10/8/2012,0.1859513,0.1851644,0.1864866,0.3646073,0.1571446
194,10/9/2012,0.1847236,0.1830728,0.175519,0.3456996,0.2411294
195,10/10/2012,0.1682045,0.170243,0.1715222,0.3463473,0.1636804
196,10/11/2012,0.1784359,0.1804396,0.1828307,0.3558563,0.1913376
197,10/12/2012,0.1774686,0.1770781,0.1769965,0.3466092,0.1929716
198,10/15/2012,0.1682789,0.1668067,0.164362,0.3414274,0.2424029
199,10/16/2012,0.1666047,0.1697387,0.1697795,0.3465402,0.1651542
200,10/17/2012,0.1701577,0.1784414,0.1733785,0.3613687,0.1840208
201,10/18/2012,0.1808914,0.1812987,0.1127444,0.278241,1.0
202,10/19/2012,0.1345896,0.1322576,0.1089748,0.2600774,0.9228074
203,10/22/2012,0.1118201,0.1117336,0.1067965,0.2557915,0.3257349
204,10/23/2012,0.1034861,0.1142361,0.1089748,0.2581067,0.234165
205,10/24/2012,0.1171962,0.1139373,0.1120435,0.2539173,0.2003885
206,10/25/2012,0.1108899,0.1092872,0.1103955,0.2545374,0.1927193
207,10/26/2012,0.1076531,0.1102396,0.1082172,0.2509543,0.1565198
208,10/31/2012,0.1107597,0.1083534,0.1117972,0.2580378,0.1232479
209,11/1/2012,0.1104249,0.1175603,0.1153016,0.2680567,0.1645014
210,11/2/2012,0.1246,0.1218929,0.1234657,0.2685115,0.1865519
211,11/5/2012,0.1150569,0.1138066,0.1123276,0.2616898,0.1311974
212,11/6/2012,0.1159685,0.1134704,0.1142029,0.259981,0.1269283
213,11/7/2012,0.1062579,0.1057762,0.1037657,0.2399157,0.179147
214,11/8/2012,0.1018119,0.0995014,0.0893696,0.2195334,0.2084662
215,11/9/2012,0.0873949,0.0965694,0.0884983,0.234293,0.2500441
216,11/12/2012,0.0958405,0.0979327,0.0984619,0.2382481,0.1127113
217,11/13/2012,0.0951336,0.0958784,0.0959805,0.2288356,0.1278454
218,11/14/2012,0.0929757,0.0908361,0.0886877,0.2198917,0.1338126
219,11/15/2012,0.0830977,0.0888192,0.0824557,0.212629,0.148322
220,11/16/2012,0.0793772,0.0823202,0.0749924,0.2125188,0.2760953
221,11/19/2012,0.0883808,0.0971109,0.0934232,0.2414178,0.1900761
222,11/20/2012,0.1011608,0.1055521,0.1019473,0.2438433,0.1676011
223,11/21/2012,0.1006957,0.0979327,0.0980262,0.2382068,0.1694954
224,11/23/2012,0.1015887,0.0981194,0.1034058,0.2410871,0.0738446
225,11/26/2012,0.0983332,0.0953181,0.0967192,0.2317159,0.1769243
226,11/27/2012,0.0925106,0.1027695,0.0957531,0.2448493,0.2013696
227,11/28/2012,0.0997842,0.1119951,0.1013222,0.2626683,0.2442451
228,11/29/2012,0.1181077,0.1203429,0.1184081,0.2739688,0.2228995
229,11/30/2012,0.1213632,0.1252918,0.1218745,0.2828714,0.2540208
230,12/3/2012,0.1315016,0.1315106,0.1298303,0.2785855,0.1759471
231,12/4/2012,0.1247861,0.1218556,0.1218935,0.2727837,0.1598038
232,12/5/2012,0.1221445,0.1209031,0.1187112,0.2683737,0.1494113
233,12/6/2012,0.1179217,0.1219489,0.1207759,0.2729215,0.1172447
234,12/7/2012,0.1247861,0.1231255,0.1188059,0.2634125,0.1539848
235,12/10/2012,0.115894,0.1182513,0.120094,0.2650662,0.1095595
236,12/11/2012,0.120154,0.1278129,0.1238066,0.280818,0.2157509
237,12/12/2012,0.1287112,0.1292883,0.1292431,0.2817552,0.1947217
238,12/13/2012,0.14417,0.1413525,0.1349636,0.2888249,0.276636
239,12/14/2012,0.1286554,0.1333035,0.1339029,0.2878051,0.1709331
240,12/17/2012,0.1345152,0.1464134,0.1391878,0.3136723,0.2437125
241,12/18/2012,0.1448024,0.1530991,0.1495871,0.3140719,0.2412655
242,12/19/2012,0.148616,0.1474219,0.1511214,0.3127489,0.1539287
243,12/20/2012,0.1509785,0.1489533,0.1514055,0.3158359,0.1328995
244,12/21/2012,0.1423655,0.1435375,0.1453061,0.3065888,0.2831558
245,12/24/2012,0.1428678,0.1401386,0.1424269,0.2981685,0.0672847
246,12/26/2012,0.1368963,0.1380096,0.1376534,0.2973003,0.0947377
247,12/27/2012,0.1360406,0.1342559,0.1340733,0.2937585,0.1321225
248,12/28/2012,0.1309807,0.1324631,0.1353993,0.2851178,0.1123989
249,12/31/2012,0.1294181,0.135862,0.1316109,0.2952469,0.1602603
250,1/2/2013,0.1474254,0.1511383,0.1510077,0.3170624,0.2039888
251,1/3/2013,0.1525225,0.1557323,0.1549288,0.3176412,0.1860553
252,1/4/2013,0.1566151,0.1646031,0.1615017,0.3372931,0.2218542
253,1/7/2013,0.1622703,0.1626608,0.1642484,0.3328694,0.1327954
254,1/8/2013,0.1623633,0.1598035,0.1584331,0.3308711,0.1344333
255,1/9/2013,0.1593311,0.1617084,0.1623731,0.3374998,0.162459
256,1/10/2013,0.169116,0.1678899,0.166995,0.3421165,0.1472607
257,1/11/2013,0.1683347,0.1654995,0.1696469,0.3400631,0.1030036
258,1/14/2013,0.1637027,0.1652754,0.156482,0.3170624,0.2299279
259,1/15/2013,0.1473324,0.1585897,0.1468025,0.3193776,0.3154505
260,1/16/2013,0.1501786,0.1486731,0.14828,0.3059824,0.1623548
261,1/17/2013,0.1458256,0.1443031,0.1457797,0.3006629,0.177477
262,1/18/2013,0.139017,0.1378975,0.1366495,0.2913055,0.2591029
263,1/22/2013,0.1337339,0.1309877,0.1311562,0.2890592,0.3045735
264,1/23/2013,0.1627725,0.1716063,0.1691544,0.3421441,0.4747497
265,1/24/2013,0.1676464,0.1788896,0.1736058,0.3596185,0.271634
266,1/25/2013,0.176464,0.1804209,0.1827928,0.3588744,0.1786344
267,1/28/2013,0.1773942,0.1777504,0.1805766,0.3548227,0.1304926
268,1/29/2013,0.1727435,0.1790016,0.1793075,0.3588881,0.1401402
269,1/30/2013,0.1792172,0.182718,0.1853122,0.3590949,0.1390068
270,1/31/2013,0.1762222,0.1796366,0.1827928,0.3616444,0.1310613
271,2/1/2013,0.183347,0.1972846,0.1901993,0.3890137,0.300849
272,2/4/2013,0.192146,0.1915887,0.1903698,0.3662197,0.2441249
273,2/5/2013,0.186063,0.1921863,0.1915063,0.3754531,0.1500761
274,2/6/2013,0.1841655,0.1939044,0.1905781,0.3815443,0.1667521
275,2/7/2013,0.1940063,0.1993389,0.197189,0.3867398,0.2280216
276,2/8/2013,0.2036796,0.2066596,0.2104486,0.4024365,0.242483
277,2/11/2013,0.2020798,0.203242,0.2049742,0.3983849,0.1739648
278,2/12/2013,0.2051864,0.2077988,0.2102781,0.3960145,0.149139
279,2/13/2013,0.2036796,0.205427,0.2108463,0.3989912,0.0960072
280,2/14/2013,0.2033075,0.2085831,0.2087627,0.4057991,0.139191
281,2/15/2013,0.2104137,0.212785,0.2175519,0.4127723,0.219147
282,2/19/2013,0.2183756,0.2255589,0.2252993,0.4319557,0.2353865
283,2/20/2013,0.2270072,0.227389,0.2220033,0.4121798,0.2219103
284,2/21/2013,0.2202359,0.2241209,0.221454,0.4163968,0.2815819
285,2/22/2013,0.2214078,0.2202178,0.2238976,0.4221435,0.1648058
286,2/25/2013,0.2242168,0.2268848,0.2207721,0.4098508,0.1849059
287,2/26/2013,0.2174641,0.2152875,0.2150326,0.4089825,0.1767561
288,2/27/2013,0.2172781,0.2234672,0.2213593,0.42224,0.1625711
289,2/28/2013,0.2231007,0.2255589,0.2307168,0.4241969,0.1818422
290,3/1/2013,0.2200499,0.2256896,0.2261138,0.4310461,0.1745735
291,3/4/2013,0.2270072,0.2402936,0.2344673,0.4520899,0.2228274
292,3/5/2013,0.2489024,0.2564103,0.2570086,0.4755867,0.3248098
293,3/6/2013,0.2601012,0.2599772,0.2569329,0.4656643,0.2306568
294,3/7/2013,0.2536461,0.2531234,0.2576527,0.4673456,0.1647097
295,3/8/2013,0.2540554,0.251536,0.2533717,0.4658573,0.2337885
296,3/11/2013,0.251451,0.2559807,0.2594711,0.4703912,0.1278855
297,3/12/2013,0.2505395,0.2487161,0.2520836,0.4604826,0.1611414
298,3/13/2013,0.2479351,0.2475956,0.2507956,0.4573267,0.131634
299,3/14/2013,0.247098,0.2441593,0.2461547,0.452145,0.1324309
300,3/15/2013,0.2392291,0.2379405,0.2423284,0.4421951,0.2488827
301,3/18/2013,0.2267282,0.2309186,0.2311335,0.4332511,0.147473
302,3/19/2013,0.2325136,0.2369694,0.2358312,0.4381021,0.168366
303,3/20/2013,0.2376851,0.2353447,0.2405289,0.4427601,0.1173648
304,3/21/2013,0.2325508,0.2347844,0.2390324,0.4380194,0.1184742
305,3/22/2013,0.2357504,0.2332344,0.238843,0.4367102,0.1193232
306,3/25/2013,0.2335925,0.2369507,0.2361721,0.4357868,0.1373208
307,3/26/2013,0.2345971,0.2320765,0.2371003,0.439618,0.0955026
308,3/27/2013,0.2282722,0.2255589,0.2310009,0.4261952,0.1735923
309,3/28/2013,0.2257794,0.2240462,0.223424,0.4145639,0.1836083
310,4/1/2013,0.2174641,0.2211515,0.2233672,0.4241831,0.144982
311,4/2/2013,0.2263003,0.2328422,0.2335202,0.4404586,0.1638086
312,4/3/2013,0.2345599,0.2322632,0.2303758,0.4310599,0.1394473
313,4/4/2013,0.2260213,0.224401,0.2215298,0.4157629,0.1964557
314,4/5/2013,0.2091673,0.2069584,0.2074746,0.3992531,0.2757509
315,4/8/2013,0.202396,0.2000299,0.1999356,0.3879801,0.2273688
316,4/9/2013,0.1993824,0.203933,0.2043681,0.391825,0.1731197
317,4/10/2013,0.2062653,0.2119446,0.2070958,0.4090514,0.1587505
318,4/11/2013,0.2154922,0.2126356,0.2147106,0.4093408,0.1627793
319,4/12/2013,0.2146737,0.2117019,0.2136309,0.4088723,0.1312615
320,4/15/2013,0.2090743,0.2162586,0.2080618,0.3977096,0.1969003
321,4/16/2013,0.2096696,0.2153249,0.214578,0.4134338,0.1397277
322,4/17/2013,0.2098184,0.2105253,0.2090847,0.3985778,0.1634441
323,4/18/2013,0.2085163,0.2058379,0.1931922,0.3756873,0.2667962
324,4/19/2013,0.193504,0.2222533,0.1979088,0.422364,0.4662355
325,4/22/2013,0.2226542,0.2227389,0.2061487,0.4226948,0.2314938
326,4/23/2013,0.2230077,0.2334771,0.2300917,0.4334027,0.1839688
327,4/24/2013,0.2296116,0.2357929,0.2372897,0.4410237,0.1467321
328,4/25/2013,0.2371456,0.2343735,0.2369488,0.4350427,0.1598438
329,4/26/2013,0.2291279,0.2262498,0.2265116,0.4245001,0.1996796
330,4/29/2013,0.2251098,0.2401628,0.2325731,0.4487411,0.1846576
331,4/30/2013,0.2396942,0.2447569,0.2464199,0.4563069,0.1851302
332,5/1/2013,0.2436379,0.242049,0.2451887,0.4506153,0.116656
333,5/2/2013,0.2407173,0.2511999,0.2477269,0.4632388,0.1619423
334,5/3/2013,0.2563435,0.2625917,0.2637142,0.4853713,0.201686
335,5/6/2013,0.2668167,0.2765981,0.2752879,0.5071317,0.1718302
336,5/7/2013,0.280471,0.2784656,0.277561,0.5011921,0.1571766
337,5/8/2013,0.2749088,0.2877846,0.2796636,0.523738,0.1981217
338,5/9/2013,0.287726,0.293163,0.2941165,0.5207751,0.1765999
339,5/10/2013,0.2918744,0.2939847,0.2978292,0.532806,0.1522467
340,5/13/2013,0.2951857,0.2957775,0.2989847,0.5290989,0.1161314
341,5/14/2013,0.2939021,0.3015668,0.3025269,0.542246,0.126648
342,5/15/2013,0.3105886,0.3273199,0.3184573,0.5818117,0.3201322
343,5/16/2013,0.3323536,0.3306628,0.3259964,0.5653019,0.2577213
344,5/17/2013,0.3240382,0.3246307,0.3245946,0.5725921,0.224145
345,5/20/2013,0.3193876,0.3312417,0.3288188,0.5716963,0.1823949
346,5/21/2013,0.322178,0.3229313,0.321848,0.5695602,0.1591029
347,5/22/2013,0.3171181,0.3207463,0.3117139,0.5454295,0.2055427
348,5/23/2013,0.293437,0.3027434,0.2995719,0.5363202,0.1825911
349,5/24/2013,0.2918372,0.2923787,0.2967495,0.5233108,0.1843332
350,5/28/2013,0.2994642,0.3047603,0.3056145,0.5342392,0.1811774
351,5/29/2013,0.2922464,0.291613,0.2904038,0.5164202,0.1615499
352,5/30/2013,0.2868889,0.2924534,0.2924117,0.5197966,0.1701762
353,5/31/2013,0.2852147,0.2906792,0.2934536,0.5204167,0.1580136
354,6/3/2013,0.2897351,0.2878593,0.2816525,0.5154831,0.1987185
355,6/4/2013,0.2849542,0.2847218,0.2807622,0.5037691,0.1499079
356,6/5/2013,0.280006,0.2836573,0.2836415,0.504596,0.1690589
357,6/6/2013,0.2816802,0.2807627,0.2743029,0.5113763,0.2070284
358,6/7/2013,0.2873354,0.2934805,0.2913699,0.5321169,0.2147097
359,6/10/2013,0.2981621,0.3037145,0.3053114,0.546532,0.1876292
360,6/11/2013,0.2998921,0.2999795,0.304781,0.5322272,0.1409852
361,6/12/2013,0.3012873,0.2990644,0.2954614,0.5214641,0.1769403
362,6/13/2013,0.2860146,0.293163,0.2915404,0.5283685,0.1660913
363,6/14/2013,0.2963204,0.2978505,0.2996856,0.5256674,0.1801682
364,6/17/2013,0.2955019,0.3022392,0.3036066,0.5410747,0.1722307
365,6/18/2013,0.3042451,0.3130147,0.3131156,0.560823,0.1738927
366,6/19/2013,0.3160205,0.3221656,0.3217344,0.5609057,0.2341089
367,6/20/2013,0.3091934,0.3130147,0.3083611,0.5390075,0.2707769
368,6/21/2013,0.3039475,0.3026687,0.2986816,0.5337707,0.3198398
369,6/24/2013,0.2886934,0.2900443,0.2894189,0.5184598,0.2422267
370,6/25/2013,0.2936788,0.2931817,0.2906122,0.5135262,0.2049499
371,6/26/2013,0.2904234,0.291613,0.2963328,0.5237656,0.1469163
372,6/27/2013,0.2951112,0.2978318,0.3020723,0.5284649,0.1545615
373,6/28/2013,0.2915023,0.2951799,0.2997424,0.5329989,0.1885543
374,7/1/2013,0.3021988,0.3047043,0.3099523,0.543321,0.138346
375,7/2/2013,0.3056775,0.3037145,0.3026595,0.5356587,0.1517461
376,7/3/2013,0.2961344,0.3019964,0.303815,0.5413227,0.0838526
377,7/5/2013,0.3054915,0.3078044,0.3121496,0.5510246,0.1365078
378,7/8/2013,0.3140301,0.3179076,0.3213555,0.5669694,0.1580216
379,7/9/2013,0.3249498,0.3241265,0.322189,0.5671761,0.1588146
380,7/10/2013,0.3179552,0.3224457,0.324462,0.5682097,0.1370284
381,7/11/2013,0.32681,0.3314471,0.3321337,0.5877927,0.2074409
382,7/12/2013,0.3332837,0.3334827,0.3384793,0.5915825,0.2061554
383,7/15/2013,0.3372647,0.3381329,0.3395401,0.5939115,0.1572968
384,7/16/2013,0.3398876,0.3380955,0.3372102,0.5869245,0.1591029
385,7/17/2013,0.3342139,0.3370684,0.3394833,0.5854774,0.1207649
386,7/18/2013,0.3323536,0.3306815,0.327114,0.5746593,0.2918783
387,7/19/2013,0.3023476,0.3148262,0.3010873,0.5553106,0.5913416
388,7/22/2013,0.3166158,0.323865,0.3212797,0.5746868,0.2330877
389,7/23/2013,0.3246707,0.3241825,0.3237043,0.5652054,0.164145
390,7/24/2013,0.3214897,0.3216613,0.3247651,0.5639651,0.1667841
391,7/25/2013,0.3090818,0.309149,0.3109751,0.5430729,0.2409571
392,7/26/2013,0.3027011,0.3027621,0.3071109,0.5398481,0.1425991
393,7/29/2013,0.3007664,0.3072628,0.3060691,0.5356035,0.1517781
394,7/30/2013,0.3012873,0.3079911,0.3060502,0.5474967,0.140825
395,7/31/2013,0.3082633,0.3088315,0.3110699,0.5431418,0.1744213
396,8/1/2013,0.3101235,0.3163202,0.3193855,0.5657704,0.1715979
397,8/2/2013,0.3179366,0.3185986,0.3248788,0.569009,0.137473
398,8/5/2013,0.3197411,0.3172167,0.3233444,0.5668454,0.104974
399,8/6/2013,0.3191086,0.3211198,0.3200674,0.5552692,0.1207649
400,8/7/2013,0.3101607,0.310643,0.3137975,0.5471246,0.1105607
401,8/8/2013,0.31057,0.3082152,0.3102175,0.5498946,0.1193072
402,8/9/2013,0.3060124,0.3079164,0.3146689,0.5467938,0.1060993
403,8/12/2013,0.3026081,0.2999795,0.3067889,0.5400686,0.1103845
404,8/13/2013,0.3025523,0.3013801,0.3016366,0.5342117,0.1138286
405,8/14/2013,0.294702,0.2936859,0.2931126,0.5184874,0.1670805
406,8/15/2013,0.2818104,0.2794554,0.2844749,0.5045409,0.1499559
407,8/16/2013,0.2788712,0.2771397,0.2830921,0.5007511,0.1343532
408,8/19/2013,0.2755599,0.2860291,0.2839445,0.5127682,0.1452703
409,8/20/2013,0.2854193,0.2861411,0.289703,0.5124512,0.0988066
410,8/21/2013,0.2875586,0.2906045,0.2924875,0.5178259,0.1409612
411,8/22/2013,0.2894561,0.2885876,0.2960297,0.5238482,0.0696155
412,8/23/2013,0.2942183,0.291613,0.2955561,0.5190386,0.0862755
413,8/26/2013,0.2869633,0.288737,0.2920708,0.513788,0.0842972
414,8/27/2013,0.2773272,0.2783349,0.274947,0.4914626,0.1390949
415,8/28/2013,0.2686584,0.2706034,0.2748144,0.4892714,0.1065999
416,8/29/2013,0.2675608,0.2752162,0.275591,0.4987252,0.1185463
417,8/30/2013,0.2737555,0.2730498,0.2727307,0.4869975,0.1493472
418,9/3/2013,0.2724533,0.280632,0.2806486,0.5055193,0.1642972
419,9/4/2013,0.2780155,0.2874297,0.2818041,0.5209818,0.1637845
420,9/5/2013,0.2902002,0.2933684,0.2973178,0.5318826,0.1034922
421,9/6/2013,0.2984783,0.2969914,0.2993257,0.5319102,0.1252263
422,9/9/2013,0.2996689,0.302538,0.3075087,0.5435553,0.0989347
423,9/10/2013,0.3055101,0.3046296,0.3090052,0.5444097,0.1031958
424,9/11/2013,0.3041335,0.309261,0.3109751,0.5547455,0.129167
425,9/12/2013,0.3123372,0.3101201,0.3146689,0.550432,0.0877533
426,9/13/2013,0.3096585,0.3080658,0.3098007,0.5449609,0.1062355
427,9/16/2013,0.3112397,0.3092984,0.3098197,0.5431556,0.1071286
428,9/17/2013,0.3030917,0.3012867,0.3061828,0.5408817,0.1009331
429,9/18/2013,0.3021058,0.3157787,0.3081338,0.5645439,0.1552223
430,9/19/2013,0.3202991,0.3176462,0.3197644,0.5577636,0.1281418
431,9/20/2013,0.3132674,0.3159281,0.3199727,0.5642545,0.3490228
432,9/23/2013,0.3111839,0.3135563,0.3101417,0.5414192,0.1425751
433,9/24/2013,0.302236,0.3028741,0.3065427,0.5418877,0.1192111
434,9/25/2013,0.3022918,0.2995686,0.3010873,0.5286854,0.1322507
435,9/26/2013,0.2946462,0.296039,0.300519,0.5299808,0.1009732
436,9/27/2013,0.2914279,0.2911648,0.2970336,0.5275278,0.1008851
437,9/30/2013,0.2861076,0.2942649,0.2941923,0.5268663,0.1381538
438,10/1/2013,0.2964506,0.3006144,0.3052735,0.5421082,0.1351302
439,10/2/2013,0.2987573,0.3021831,0.3031709,0.5434726,0.1198959
440,10/3/2013,0.3036312,0.3065905,0.2977724,0.5271144,0.1698799
441,10/4/2013,0.2915954,0.2911648,0.2958024,0.521974,0.1088586
442,10/7/2013,0.2846008,0.2878779,0.2902334,0.5128922,0.1036804
443,10/8/2013,0.2826103,0.2804265,0.2784513,0.4962998,0.1559431
444,10/9/2013,0.2742392,0.2773265,0.2703061,0.4993178,0.2128354
445,10/10/2013,0.2812523,0.2830784,0.2865586,0.5163237,0.1809972
446,10/11/2013,0.28328,0.2874111,0.291351,0.5214779,0.1129515
447,10/14/2013,0.2838567,0.2899882,0.2914457,0.5271419,0.0996596
448,10/15/2013,0.2922837,0.2987095,0.2995719,0.535259,0.1276612
449,10/16/2013,0.3016593,0.3105309,0.3090052,0.5572675,0.1610853
450,10/17/2013,0.3082633,0.309205,0.3106342,0.5445751,0.3418943
451,10/18/2013,0.3857244,0.419482,0.3939233,0.7130907,0.9295755
452,10/21/2013,0.4180371,0.4227875,0.4180368,0.7019418,0.2913817
453,10/22/2013,0.412047,0.4172036,0.4144946,0.707027,0.1772447
454,10/23/2013,0.4083451,0.4374288,0.4190597,0.740584,0.2137926
455,10/24/2013,0.4369559,0.4428446,0.4418662,0.7325221,0.1678734
456,10/25/2013,0.4341283,0.4319196,0.4285877,0.7183,0.1629235
457,10/28/2013,0.4214971,0.426896,0.4307092,0.7180243,0.0928354
458,10/29/2013,0.4251246,0.4394644,0.4312017,0.7472128,0.1287185
459,10/30/2013,0.4421088,0.440006,0.4429838,0.7392197,0.1061314
460,10/31/2013,0.4342213,0.443741,0.4410706,0.7394402,0.1315298
461,11/1/2013,0.4368815,0.4386053,0.4421503,0.7345755,0.1028514
462,11/4/2013,0.4366024,0.4352251,0.4392522,0.7332938,0.0912335
463,11/5/2013,0.426278,0.4345528,0.4348954,0.7269821,0.0946576
464,11/6/2013,0.4311519,0.4302202,0.4329633,0.7286771,0.0730757
465,11/7/2013,0.4283801,0.4273629,0.4256706,0.7083362,0.1347137
466,11/8/2013,0.4155257,0.4223206,0.4264851,0.7194438,0.1034521
467,11/11/2013,0.4162326,0.4199302,0.4260115,0.7119606,0.089131
468,11/12/2013,0.4145584,0.4214428,0.4231702,0.7136006,0.0976091
469,11/13/2013,0.4136841,0.4356733,0.4245908,0.7420311,0.126656
470,11/14/2013,0.4388533,0.4420789,0.4470943,0.7458347,0.0934802
471,11/15/2013,0.4397277,0.4404542,0.4470564,0.7435332,0.1022907
472,11/18/2013,0.4405462,0.4504454,0.4460524,0.740777,0.1411534
473,11/19/2013,0.4368071,0.4374288,0.4401993,0.7320397,0.0906568
474,11/20/2013,0.43517,0.4361402,0.437661,0.7280708,0.0771566
475,11/21/2013,0.4324354,0.440753,0.4429838,0.744236,0.0874569
476,11/22/2013,0.4383883,0.4387547,0.4460335,0.7412318,0.1005126
477,11/25/2013,0.4418484,0.4545913,0.4515078,0.7605391,0.1293592
478,11/26/2013,0.4524518,0.4623228,0.4589711,0.7776828,0.1834882
479,11/27/2013,0.4648969,0.4683736,0.475072,0.7841462,0.090012
480,11/29/2013,0.4650272,0.467085,0.4745605,0.779309,0.0955747
481,12/2/2013,0.4662735,0.4668235,0.4663585,0.7722806,0.1100801
482,12/3/2013,0.4546283,0.4641156,0.4647106,0.7706131,0.1344333
483,12/4/2013,0.455019,0.4646199,0.4656387,0.7773659,0.0954786
484,12/5/2013,0.4604323,0.4606047,0.4666616,0.776222,0.090825
485,12/6/2013,0.4720961,0.4702224,0.4751477,0.7934347,0.1145495
486,12/9/2013,0.4732123,0.4816703,0.4826489,0.8048041,0.1188746
487,12/10/2013,0.4779932,0.4909892,0.4898469,0.8137618,0.1487265
488,12/11/2013,0.4884106,0.4900555,0.4893923,0.8036327,0.1373048
489,12/12/2013,0.4811556,0.4822679,0.4835581,0.7935587,0.1280296
490,12/13/2013,0.4772863,0.4760864,0.473083,0.7809627,0.1735282
491,12/16/2013,0.46672,0.4745924,0.4769662,0.7977068,0.1284782
492,12/17/2013,0.4749051,0.4802323,0.4829898,0.7934209,0.1231438
493,12/18/2013,0.4739936,0.4841354,0.4741628,0.8138859,0.1773809
494,12/19/2013,0.4822717,0.4906904,0.4930861,0.8159117,0.1335963
495,12/20/2013,0.4892477,0.499225,0.5014964,0.8357014,0.2619023
496,12/23/2013,0.507348,0.5128392,0.5176542,0.8556013,0.1380897
497,12/24/2013,0.5139519,0.5123163,0.5204576,0.8511225,0.0587064
498,12/26/2013,0.513059,0.5158085,0.521007,0.8588399,0.1072327
499,12/27/2013,0.5186212,0.5170038,0.5250227,0.8601353,0.1258791
500,12/30/2013,0.5189374,0.5172092,0.521329,0.8478426,0.0990549
501,12/31/2013,0.511422,0.5176761,0.518715,0.863305,0.1088506
502,1/2/2014,0.514417,0.5146507,0.5206092,0.8528727,0.1461153
503,1/3/2014,0.5139891,0.513885,0.5174648,0.84171,0.1336764
504,1/6/2014,0.5121475,0.5156778,0.5188854,0.858647,0.1419263
505,1/7/2014,0.5232532,0.5350627,0.5327891,0.8882488,0.2049019
506,1/8/2014,0.5427115,0.5421592,0.5442302,0.891515,0.179968
507,1/9/2014,0.540349,0.5392646,0.5369374,0.8764108,0.1672647
508,1/10/2014,0.5362936,0.5344837,0.5338119,0.8763282,0.1720064
509,1/13/2014,0.5246112,0.541767,0.5290195,0.8664333,0.194149
510,1/14/2014,0.5352519,0.5455768,0.5393241,0.9027328,0.1992711
511,1/15/2014,0.5491852,0.5492931,0.554137,0.9016717,0.1564718
512,1/16/2014,0.5455763,0.5520197,0.5581149,0.912104,0.1350581
513,1/17/2014,0.5527755,0.5545409,0.5545158,0.9042901,0.2168562
514,1/21/2014,0.5565518,0.5576783,0.5612214,0.9223847,0.1588546
515,1/22/2014,0.5618164,0.5612826,0.5683626,0.9242038,0.1260152
516,1/23/2014,0.5556775,0.556259,0.5641196,0.9174373,0.1563797
517,1/24/2014,0.5473622,0.5479485,0.5345128,0.8675909,0.3126191
518,1/27/2014,0.5242764,0.5227931,0.496079,0.8365283,0.3496956
519,1/28/2014,0.5096547,0.5220834,0.5222003,0.8664746,0.1773728
520,1/29/2014,0.5178027,0.518367,0.5122746,0.8443559,0.1910132
521,1/30/2014,0.5417814,0.5469587,0.5385286,0.8834806,0.4090068
522,1/31/2014,0.5662066,0.5786319,0.5610699,0.9461296,0.4471886
523,2/3/2014,0.5734802,0.5741498,0.5430179,0.8807932,0.3670204
524,2/4/2014,0.5352891,0.5492931,0.5477345,0.8872842,0.2257469
525,2/5/2014,0.5402932,0.5453714,0.5392484,0.8942161,0.1921866
526,2/6/2014,0.5474738,0.5540927,0.5576792,0.9172443,0.1561754
527,2/7/2014,0.5627465,0.5706015,0.5699538,0.9412786,0.2116179
528,2/10/2014,0.5666158,0.5747848,0.5779474,0.9350771,0.1560633
529,2/11/2014,0.5743731,0.5835995,0.5809592,0.9587806,0.1645575
530,2/12/2014,0.5825582,0.5818627,0.5895969,0.9539848,0.138322
531,2/13/2014,0.5749126,0.5910695,0.5879868,0.9721346,0.1473168
532,2/14/2014,0.5886785,0.5952528,0.6003751,0.9761311,0.1754826
533,2/18/2014,0.5940546,0.6031337,0.6071753,0.9872249,0.1692271
534,2/19/2014,0.5976635,0.5997348,0.6048075,0.9754972,0.1688026
535,2/20/2014,0.5956544,0.5975685,0.6073837,0.9779226,0.1364197
536,2/21/2014,0.5999888,0.6003511,0.6098462,0.9774816,0.1494033
537,2/24/2014,0.5977193,0.6099128,0.6119867,0.9894712,0.1342891
538,2/25/2014,0.6075229,0.6139466,0.6170064,0.9997657,0.1153464
539,2/26/2014,0.6149825,0.6180365,0.6201508,1.0,0.1590388
540,2/27/2014,0.6097924,0.6137038,0.6232194,0.998677,0.1009812
541,2/28/2014,0.6115968,0.6136665,0.6130474,0.9937847,0.1856868
542,3/3/2014,0.5990029,0.5984462,0.59975,0.9759795,0.1688987
543,3/4/2014,0.6066486,0.606047,0.616135,0.9927649,0.1176772
544,3/5/2014,0.6067044,0.6126394,0.6179345,0.9973678,0.0989908
545,3/6/2014,0.6134013,0.6154967,0.6247159,0.9992283,0.10163
546,3/7/2014,0.6175869,0.6162623,0.6179724,0.9925995,0.1214898
547,3/10/2014,0.6072997,0.6075784,0.6110396,0.9881758,0.0973288
548,3/11/2014,0.6055138,0.6044783,0.604012,0.9722586,0.1374009
549,3/12/2014,0.5894226,0.5984649,0.5922488,0.982305,0.1576011
550,3/13/2014,0.6001191,0.60093,0.5927982,0.9572372,0.1882539
551,3/14/2014,0.5760659,0.5826657,0.5812623,0.934898,0.1841009
552,3/17/2014,0.5735174,0.5884363,0.5865283,0.9614266,0.1735042
553,3/18/2014,0.5878042,0.6018825,0.6006213,0.9877486,0.1455987
554,3/19/2014,0.6036908,0.602312,0.6018904,0.9712526,0.1293512
555,3/20/2014,0.5926966,0.6001083,0.6027997,0.9683723,0.1351221
556,3/21/2014,0.5985936,0.600127,0.5906198,0.9489685,0.2576332
557,3/24/2014,0.5780936,0.5771192,0.5561828,0.9144605,0.2438486
558,3/25/2014,0.5612397,0.5631128,0.5571678,0.9155492,0.1934521
559,3/26/2014,0.5575564,0.5647188,0.5425443,0.8787812,0.2071005
560,3/27/2014,0.5344892,0.5326722,0.5193779,0.0905834,0.0002082
561,3/28/2014,0.5218766,0.5297589,0.5302319,0.0926919,0.0013336
562,3/31/2014,0.5324429,0.5308234,0.5269548,0.0885437,0.0001161
563,4/1/2014,0.5172632,0.5335126,0.5303076,0.1025454,0.0
564,4/2/2014,0.59385,0.6012662,0.5368806,0.1023249,0.0055747
565,4/3/2014,0.5379306,0.5685846,0.5405554,0.1060871,0.2038927
566,4/4/2014,0.5468413,0.5508805,0.5006251,0.0695258,0.2547617
567,4/7/2014,0.4839274,0.4963303,0.4706963,0.0626766,0.1759592
568,4/8/2014,0.4873689,0.5084692,0.4980111,0.0856911,0.1258831
569,4/9/2014,0.518956,0.5277793,0.5194348,0.0983973,0.1330757
570,4/10/2014,0.528927,0.5270884,0.4947719,0.0665215,0.1613496
571,4/11/2014,0.4687291,0.4805311,0.4695219,0.0522994,0.1568642
572,4/14/2014,0.4793139,0.4881693,0.4752425,0.0549316,0.1028074
573,4/15/2014,0.4766538,0.4776551,0.4542734,0.06032,0.1540689
574,4/16/2014,0.488113,0.5121856,0.4949614,0.0879512,0.1956468
575,4/17/2014,0.4989024,0.4982352,0.4782543,0.0598514,0.2723909
576,4/21/2014,0.4753144,0.474387,0.4677603,0.0495707,0.102475
577,4/22/2014,0.4614741,0.4753768,0.4713782,0.0580875,0.0944093
578,4/23/2014,0.4710358,0.4691206,0.4689915,0.0472693,0.0818742
579,4/24/2014,0.4641342,0.4649747,0.4611873,0.0448162,0.0750981
580,4/25/2014,0.4501079,0.4520328,0.4485339,0.0324821,0.0837966
581,4/28/2014,0.4402113,0.4406783,0.4246856,0.0338051,0.1332639
582,4/29/2014,0.4396905,0.4609035,0.4502387,0.0483166,0.1077733
583,4/30/2014,0.459558,0.4581769,0.461945,0.0468834,0.0698118
584,5/1/2014,0.4586465,0.4673651,0.4645211,0.053333,0.0759952
585,5/2/2014,0.47098,0.4693634,0.4677792,0.0486198,0.0673048
586,5/5/2014,0.4543865,0.4598577,0.4596719,0.0484544,0.0406968
587,5/6/2014,0.4551492,0.4559733,0.4478519,0.0310489,0.0673248
588,5/7/2014,0.4376442,0.4371113,0.4256327,0.023924,0.1288106
589,5/8/2014,0.4240457,0.4381198,0.4315805,0.0253573,0.0806328
590,5/9/2014,0.4282871,0.4431061,0.4273375,0.0359825,0.0973769
591,5/12/2014,0.4519682,0.4622668,0.4553152,0.0513623,0.0762755
592,5/13/2014,0.4656596,0.4732105,0.4751477,0.0557171,0.0658991
593,5/14/2014,0.4695662,0.4674958,0.4671731,0.0468696,0.0474089
594,5/15/2014,0.4560235,0.4542178,0.4523034,0.0377052,0.0679375
595,5/16/2014,0.4480244,0.4466357,0.4485718,0.0385872,0.059163
596,5/19/2014,0.4448992,0.4615011,0.4526254,0.0499015,0.050853
597,5/20/2014,0.4635204,0.4735093,0.4690862,0.0511555,0.0711574
598,5/21/2014,0.4693802,0.4790184,0.479675,0.0637515,0.0475891
599,5/22/2014,0.4846529,0.4946869,0.4964389,0.0721718,0.0643933
600,5/23/2014,0.496019,0.5059294,0.5019511,0.082673,0.0770605
601,5/27/2014,0.5122405,0.5289559,0.5220677,0.1008779,0.0839487
602,5/28/2014,0.5281271,0.5323921,0.5346265,0.0950071,0.065843
603,5/29/2014,0.5258762,0.5252395,0.5303076,0.0928159,0.0539127
604,5/30/2014,0.5211325,0.5202906,0.5250227,0.0925541,0.0706127
605,6/2/2014,0.5209465,0.5194502,0.5057963,0.0843543,0.0571526
606,6/3/2014,0.5029392,0.5035203,0.4997727,0.0720064,0.0744373
607,6/4/2014,0.4853412,0.4965731,0.4925936,0.0716205,0.0724269
608,6/5/2014,0.4944192,0.5083758,0.5033717,0.0843129,0.0673288
609,6/6/2014,0.516054,0.5141651,0.5118389,0.0876618,0.0692351
610,6/9/2014,0.5143612,0.5231852,0.525269,0.0956135,0.0584541
611,6/10/2014,0.5206117,0.5244925,0.5287733,0.0934636,0.0538166
612,6/11/2014,0.5159424,0.517564,0.5233369,0.091107,0.0437405
613,6/12/2014,0.5146402,0.5140344,0.5109486,0.0808125,0.0580897
614,6/13/2014,0.5053017,0.5034456,0.5054743,0.0813776,0.0485623
615,6/16/2014,0.4997396,0.4984593,0.4978406,0.0710968,0.0678654
616,6/17/2014,0.4903453,0.4904476,0.4936922,0.0693466,0.057533
617,6/18/2014,0.491573,0.50578,0.5025193,0.0835825,0.0694353
618,6/19/2014,0.5089664,0.5084692,0.5110433,0.0856911,0.0980737
619,6/20/2014,0.5138217,0.5132687,0.5146045,0.0877031,0.1802323
620,6/23/2014,0.5106593,0.5270884,0.5218783,0.0994997,0.0612295
621,6/24/2014,0.5292805,0.5413375,0.5346454,0.099045,0.0880737
622,6/25/2014,0.5294107,0.5549517,0.5426012,0.1183385,0.0785503
623,6/26/2014,0.5586167,0.5596018,0.555122,0.1146865,0.0694433
624,6/27/2014,0.5515291,0.5547836,0.5588157,0.1163954,0.0892671
625,6/30/2014,0.5542823,0.5542234,0.5606152,0.1136943,0.0522948
626,7/1/2014,0.5536498,0.5632248,0.5641953,0.123851,0.0576692
627,7/2/2014,0.5629697,0.565167,0.5712608,0.1233962,0.0419864
628,7/3/2014,0.5629697,0.564364,0.5722647,0.1266899,0.0282819
629,7/7/2014,0.5637324,0.5669972,0.5697454,0.123286,0.0423188
630,7/8/2014,0.5524221,0.5541487,0.5443249,0.1079476,0.0761554
631,7/9/2014,0.5411489,0.5489196,0.5504622,0.1147968,0.0444053
632,7/10/2014,0.5306198,0.5486769,0.5422034,0.1079614,0.0540168
633,7/11/2014,0.5417442,0.5566138,0.5543264,0.1190552,0.0646296
634,7/14/2014,0.5615745,0.5647375,0.5668094,0.1268828,0.0739327
635,7/15/2014,0.5674157,0.5658394,0.5640249,0.1267588,0.0646816
636,7/16/2014,0.5716013,0.5706762,0.5746893,0.1238372,0.0556348
637,7/17/2014,0.5558821,0.5568753,0.5490036,0.111572,0.1204886
638,7/18/2014,0.580884,0.586326,0.5743105,0.140912,0.1604405
639,7/21/2014,0.5785587,0.581844,0.5804099,0.1332084,0.0822667
640,7/22/2014,0.5766426,0.5916298,0.590544,0.1404435,0.0677293
641,7/23/2014,0.5813119,0.5882683,0.5941431,0.1421523,0.0490669
642,7/24/2014,0.5872833,0.5913497,0.5927603,0.1385417,0.0411374
643,7/25/2014,0.5760473,0.5771192,0.5838006,0.1325882,0.0370244
644,7/28/2014,0.5717315,0.5783144,0.5795007,0.1347519,0.039203
645,7/29/2014,0.5729965,0.573104,0.5771708,0.1279027,0.0537405
646,7/30/2014,0.5689039,0.5727305,0.57808,0.1303833,0.0403885
647,7/31/2014,0.5578726,0.5618242,0.5516366,0.1086366,0.0838927
648,8/1/2014,0.5389538,0.5475003,0.5381308,0.1010432,0.0779856
649,8/4/2014,0.5364238,0.5463611,0.5404986,0.1107727,0.0568442
650,8/5/2014,0.5383027,0.5400863,0.5376762,0.0996651,0.0618062
651,8/6/2014,0.5229556,0.5377145,0.5327512,0.1014567,0.0531197
652,8/7/2014,0.5344892,0.5362018,0.5348159,0.0973223,0.044173
653,8/8/2014,0.5262668,0.5368741,0.5334142,0.1047504,0.0595435
654,8/11/2014,0.5381911,0.5373224,0.5440786,0.1035376,0.04833
655,8/12/2014,0.5280341,0.5287691,0.5343992,0.0964541,0.0614377
656,8/13/2014,0.5332242,0.5457262,0.5436051,0.113019,0.0573208
657,8/14/2014,0.5496689,0.5511233,0.5533035,0.1128399,0.039147
658,8/15/2014,0.5527941,0.5538686,0.5526216,0.1112275,0.0605206
659,8/18/2014,0.5495387,0.5634303,0.5629641,0.1231619,0.0511093
660,8/19/2014,0.5660391,0.5686967,0.57808,0.1296115,0.0388746
661,8/20/2014,0.5676762,0.5675014,0.5753713,0.1263592,0.0412014
662,8/21/2014,0.563844,0.5634116,0.5726815,0.1248157,0.0363196
663,8/22/2014,0.5634162,0.5647749,0.5717344,0.1236994,0.0312815
664,8/25/2014,0.5655183,0.5643453,0.5686278,0.1204608,0.054205
665,8/26/2014,0.5591004,0.558388,0.5640627,0.1172498,0.0653464
666,8/27/2014,0.5516966,0.5522251,0.551826,0.1078235,0.0678975
667,8/28/2014,0.5373912,0.542458,0.5461623,0.1053429,0.0514618
668,8/29/2014,0.5406838,0.5401983,0.5461055,0.1086366,0.0430837
669,9/2/2014,0.5416326,0.5509926,0.5538907,0.1165194,0.0628955
670,9/3/2014,0.5567565,0.5605916,0.5610888,0.1173601,0.048346
671,9/4/2014,0.5567565,0.5662129,0.5690446,0.1229139,0.0580777
672,9/5/2014,0.5641417,0.5672213,0.5742158,0.1285504,0.0650541
673,9/8/2014,0.5689969,0.5769511,0.5824178,0.1335529,0.0569924
674,9/9/2014,0.5732755,0.5717967,0.570522,0.1215771,0.0512335
675,9/10/2014,0.5595468,0.5615441,0.5647447,0.1244436,0.0388226
676,9/11/2014,0.5574261,0.5584066,0.5634566,0.1220457,0.0485823
677,9/12/2014,0.5586167,0.5580892,0.5600659,0.1141629,0.0638246
678,9/15/2014,0.5436602,0.5456328,0.5482459,0.1107038,0.0636604
679,9/16/2014,0.5433254,0.5578277,0.5566563,0.1201163,0.0589668
680,9/17/2014,0.5567751,0.5690328,0.5682111,0.126745,0.067477
681,9/18/2014,0.5697411,0.5728052,0.5799742,0.1329328,0.057533
682,9/19/2014,0.5780936,0.5857284,0.5884793,0.1422901,0.1493272
683,9/22/2014,0.5823908,0.5810036,0.5770571,0.1303143,0.0673448
684,9/23/2014,0.569462,0.5677816,0.5724163,0.1217425,0.0586103
685,9/24/2014,0.5594724,0.5729733,0.571507,0.1311688,0.0688907
686,9/25/2014,0.5707642,0.5698919,0.5595355,0.1134049,0.0768122
687,9/26/2014,0.5494456,0.5536258,0.5604448,0.1162025,0.057497
688,9/29/2014,0.5414465,0.5516649,0.5538529,0.1151827,0.0510412
689,9/30/2014,0.5510641,0.5547463,0.5570162,0.1165608,0.0646296
690,10/1/2014,0.5493526,0.5505257,0.5459918,0.1040613,0.0575691
691,10/2/2014,0.5332242,0.5399556,0.5390211,0.1065557,0.0468763
692,10/3/2014,0.5438649,0.5498534,0.5563532,0.1136943,0.0454065
693,10/6/2014,0.5545427,0.5568939,0.560028,0.116547,0.048326
694,10/7/2014,0.5463762,0.5462117,0.5398166,0.097846,0.0762275
695,10/8/2014,0.5299874,0.5436346,0.5279967,0.1098769,0.0794113
696,10/9/2014,0.5404048,0.5391899,0.5309706,0.0939046,0.100797
697,10/10/2014,0.5154215,0.5273311,0.502614,0.0713862,0.1231077
698,10/13/2014,0.4918149,0.4982352,0.4819291,0.0558825,0.1030717
699,10/14/2014,0.4805045,0.4939212,0.4820617,0.0623872,0.0886904
700,10/15/2014,0.4658829,0.4671223,0.4539703,0.0515139,0.1486344
701,10/16/2014,0.443597,0.4608475,0.4477383,0.0439205,0.1482018
702,10/17/2014,0.4589069,0.4637421,0.4355205,0.0255916,0.2215218
703,10/20/2014,0.4258873,0.446561,0.434706,0.0388766,0.1041089
704,10/21/2014,0.4550748,0.4559359,0.4555046,0.046718,0.0932439
705,10/22/2014,0.4637994,0.4801576,0.4738028,0.0551934,0.1165919
706,10/23/2014,0.4812858,0.4939773,0.4871193,0.0706834,0.0937485
707,10/24/2014,0.4906429,0.4896259,0.4870056,0.0649091,0.0787024
708,10/27/2014,0.4770444,0.4887482,0.4893544,0.0662734,0.0471526
709,10/28/2014,0.488113,0.4972641,0.49803,0.0774499,0.0505807
710,10/29/2014,0.5010976,0.5069565,0.5081452,0.0780425,0.0705887
711,10/30/2014,0.4991629,0.5043793,0.5015912,0.0793793,0.0579776
712,10/31/2014,0.5184538,0.5169851,0.5228254,0.0914378,0.0811814
713,11/3/2014,0.5113104,0.5138663,0.5199651,0.0861321,0.055038
714,11/4/2014,0.5066783,0.509403,0.5125398,0.0846023,0.0495114
715,11/5/2014,0.5137287,0.5118307,0.502614,0.0733569,0.0810693
716,11/6/2014,0.4927636,0.493361,0.4967988,0.0680236,0.0530757
717,11/7/2014,0.4940658,0.4920911,0.492461,0.0666042,0.0651101
718,11/10/2014,0.4852668,0.4984033,0.4968935,0.0755068,0.0451221
719,11/11/2014,0.4983072,0.5027733,0.5068571,0.0793517,0.03835
720,11/12/2014,0.5018231,0.5000093,0.5047356,0.0752587,0.0449219
721,11/13/2014,0.5007255,0.4987768,0.5015343,0.0726128,0.05332
722,11/14/2014,0.4949401,0.4929688,0.4990339,0.0712622,0.0513256
723,11/17/2014,0.4891919,0.4875903,0.4837475,0.0604165,0.0688066
724,11/18/2014,0.4779187,0.4841541,0.4839559,0.0583906,0.0782819
725,11/19/2014,0.4732867,0.477263,0.4762275,0.061078,0.0554385
726,11/20/2014,0.4663293,0.4714176,0.4781217,0.058115,0.0622907
727,11/21/2014,0.4855458,0.4845276,0.4884642,0.0617808,0.0887585
728,11/24/2014,0.4781978,0.4855547,0.4866836,0.0642063,0.0680176
729,11/25/2014,0.4806905,0.4879452,0.4923284,0.0667007,0.0713656
730,11/26/2014,0.4841878,0.4834258,0.4893734,0.0657222,0.0606728
731,11/28/2014,0.4837041,0.4842662,0.4885399,0.0677342,0.0456708
732,12/1/2014,0.4805045,0.4831643,0.4795802,0.0566956,0.0843973
733,12/2/2014,0.4705149,0.472146,0.4756971,0.0566267,0.060821
734,12/3/2014,0.4666642,0.4730797,0.4746742,0.0532916,0.050861
735,12/4/2014,0.4661619,0.4755822,0.4734051,0.061519,0.0554345
736,12/5/2014,0.4658643,0.4672904,0.4652599,0.044954,0.1024309
737,12/8/2014,0.4586837,0.4637795,0.4643507,0.0473244,0.0929676
738,12/9/2014,0.4494196,0.4697182,0.4581187,0.056103,0.0746256
739,12/10/2014,0.469715,0.473696,0.4676845,0.0460565,0.0682539
740,12/11/2014,0.4599115,0.469214,0.4706016,0.0491848,0.064193
741,12/12/2014,0.4519682,0.4591107,0.4546522,0.0358861,0.0795595
742,12/15/2014,0.4505358,0.4490634,0.4444613,0.0292022,0.1123548
743,12/16/2014,0.4297939,0.4303509,0.398621,0.0039001,0.1584421
744,12/17/2014,0.4027829,0.4190711,0.413377,0.0169646,0.1151462
745,12/18/2014,0.4323796,0.4318636,0.4282846,0.0254951,0.1168923
746,12/19/2014,0.4297009,0.4390349,0.4324519,0.0327164,0.147469
747,12/22/2014,0.4381836,0.4553196,0.4497841,0.0444166,0.1087625
748,12/23/2014,0.4584418,0.4704092,0.4690673,0.0522856,0.0876932
749,12/24/2014,0.4649527,0.4651801,0.4704501,0.0497774,0.0279535
750,12/26/2014,0.4617159,0.4698302,0.4709994,0.0570125,0.0413536
751,12/29/2014,0.4680594,0.4721086,0.4760949,0.0519273,0.0909331
752,12/30/2014,0.4604509,0.4640596,0.4706584,0.0520513,0.0347737
753,12/31/2014,0.4663293,0.4667488,0.4681391,0.0465251,0.0544774
754,1/2/2015,0.4621624,0.4642837,0.4649379,0.0443339,0.0576532
755,1/5/2015,0.4515031,0.4513418,0.4440824,0.0292987,0.0821746
756,1/6/2015,0.4361746,0.4361589,0.4213896,0.0129405,0.115819
757,1/7/2015,0.4213297,0.419538,0.4187377,0.0117553,0.0823829
758,1/8/2015,0.4046246,0.4125161,0.4024095,0.0139189,0.1339848
759,1/9/2015,0.4171813,0.4152053,0.4095696,0.004975,0.0826352
760,1/12/2015,0.3989508,0.3985471,0.3959123,0.0,0.0928634
761,1/13/2015,0.4061872,0.4115823,0.4050235,0.0049888,0.0946135
762,1/14/2015,0.3984299,0.4120492,0.406179,0.0114383,0.0884101
763,1/15/2015,0.4186881,0.4166246,0.4151765,0.0127062,0.1084461
764,1/16/2015,0.4083637,0.4212934,0.4194007,0.021347,0.0917221
765,1/20/2015,0.4287521,0.4293238,0.430766,0.0197208,0.0890709
766,1/21/2015,0.4217948,0.4419482,0.431107,0.0350316,0.0905406
767,1/22/2015,0.4481918,0.473696,0.4566222,0.0575086,0.1068883
768,1/23/2015,0.4743657,0.4845836,0.4817397,0.0651434,0.0910613
769,1/26/2015,0.4798348,0.4786636,0.4754508,0.0586249,0.0615058
770,1/27/2015,0.4639482,0.4632192,0.4537619,0.0358447,0.0759351
771,1/28/2015,0.4506102,0.448858,0.4382861,0.0239792,0.0671165
772,1/29/2015,0.4287521,0.4266906,0.4216737,0.0248887,0.1673368
773,1/30/2015,0.4377744,0.4802883,0.4487233,0.0576878,0.224205
774,2/2/2015,0.4672037,0.4674958,0.4544439,0.0493778,0.1138126
775,2/3/2015,0.4602835,0.4682429,0.4633467,0.0504251,0.0813256
776,2/4/2015,0.4625902,0.4668796,0.4595772,0.0415225,0.0663076
777,2/5/2015,0.452489,0.4591107,0.4611305,0.0481513,0.0737605
778,2/6/2015,0.4596324,0.4753207,0.4692946,0.0528506,0.0703084
779,2/9/2015,0.4602835,0.4656283,0.4685558,0.048482,0.0504525
780,2/10/2015,0.4627018,0.4762545,0.4702606,0.0610091,0.0697597
781,2/11/2015,0.4738262,0.4776551,0.4824595,0.0596723,0.0548578
782,2/12/2015,0.4774537,0.4895139,0.484903,0.0692364,0.0645695
783,2/13/2015,0.488764,0.4989822,0.5008713,0.0776015,0.0757869
784,2/17/2015,0.4952191,0.4991503,0.4970261,0.0691124,0.0644333
785,2/18/2015,0.4851551,0.4907651,0.4902637,0.0647989,0.0578734
786,2/19/2015,0.4789233,0.4863204,0.4912108,0.0691537,0.0392952
787,2/20/2015,0.4883548,0.4875156,0.4870245,0.0637653,0.057525
788,2/23/2015,0.4752214,0.4739014,0.4749583,0.0540909,0.0580657
789,2/24/2015,0.464004,0.4745551,0.472761,0.0598377,0.0399319
790,2/25/2015,0.4749423,0.4921097,0.4863616,0.0705318,0.0728074
791,2/26/2015,0.4885036,0.5105982,0.4978027,0.0864904,0.0922547
792,2/27/2015,0.5089664,0.5265468,0.5193401,0.0905007,0.0962034
793,3/2/2015,0.5206489,0.5404038,0.5303834,0.1082921,0.08497
794,3/3/2015,0.5390468,0.5464358,0.5450636,0.111448,0.0679535
795,3/4/2015,0.5416698,0.549648,0.5478671,0.1110759,0.0748458
796,3/5/2015,0.5475296,0.551142,0.558077,0.1137632,0.0553344
797,3/6/2015,0.5472691,0.5488449,0.5455183,0.103262,0.0661274
798,3/9/2015,0.5323871,0.5369115,0.5394189,0.1048606,0.0422187
799,3/10/2015,0.5275504,0.5268082,0.5227875,0.0858426,0.0714618
800,3/11/2015,0.5106407,0.5143145,0.5151349,0.0805783,0.0725991
801,3/12/2015,0.5076085,0.5110277,0.5147181,0.0865317,0.0553344
802,3/13/2015,0.5075899,0.5148001,0.5029361,0.0752725,0.0679055
803,3/16/2015,0.5028648,0.5119241,0.5063078,0.0851536,0.0653985
804,3/17/2015,0.5042786,0.5062282,0.5100773,0.0801097,0.0719904
805,3/18/2015,0.5057482,0.5173773,0.5081831,0.0920166,0.0851662
806,3/19/2015,0.5185282,0.5192635,0.5254584,0.0899356,0.0476292
807,3/20/2015,0.5227137,0.5209816,0.5309517,0.0932018,0.1044814
808,3/23/2015,0.5204628,0.5221768,0.5248712,0.0910657,0.0655146
809,3/24/2015,0.5244066,0.5449605,0.5350242,0.1067073,0.1031358
810,3/25/2015,0.5391398,0.5406092,0.5303644,0.0910381,0.0858751
811,3/26/2015,0.5151797,0.5157338,0.515078,0.0860631,0.0626632
812,3/27/2015,0.5066783,0.5089921,0.5103235,0.0766782,0.0756708
813,3/30/2015,0.5041112,0.5056119,0.5103993,0.0817497,0.0512455
814,3/31/2015,0.5010976,0.5079276,0.5076527,0.0762096,0.0632799
815,4/1/2015,0.4985118,0.5012793,0.4940142,0.0687265,0.078298
816,4/2/2015,0.484132,0.4821185,0.4833497,0.0590659,0.0684181
817,4/6/2015,0.4681152,0.4775804,0.4752614,0.0607748,0.0527233
818,4/7/2015,0.4789977,0.4855361,0.4874034,0.0611193,0.0518582
819,4/8/2015,0.4795558,0.4877024,0.4919117,0.0674311,0.0468803
820,4/9/2015,0.4844669,0.4841728,0.4864373,0.0662872,0.0620705
821,4/10/2015,0.4868108,0.4848077,0.4898848,0.0652261,0.0561274
822,4/13/2015,0.4796116,0.4880946,0.4898848,0.0640685,0.0655747
823,4/14/2015,0.4755934,0.4760117,0.4724769,0.05201,0.1039728
824,4/15/2015,0.4615857,0.4707267,0.463271,0.0549454,0.0925471
825,4/16/2015,0.463818,0.472314,0.4753372,0.0566956,0.0517381
826,4/17/2015,0.4615113,0.4616132,0.4590847,0.0433003,0.085859
827,4/20/2015,0.4558375,0.4732478,0.4656766,0.0588592,0.0669323
828,4/21/2015,0.4779373,0.4793919,0.4830088,0.0569298,0.0735603
829,4/22/2015,0.4721705,0.482548,0.4793719,0.0643441,0.0635002
830,4/23/2015,0.484411,0.5009431,0.495397,0.0748315,0.1672767
831,4/24/2015,0.5309733,0.5385362,0.5275421,0.0996513,0.1972207
832,4/27/2015,0.5288154,0.5317571,0.5227686,0.0884335,0.0957189
833,4/28/2015,0.5125381,0.5132127,0.5174079,0.0861045,0.0593953
834,4/29/2015,0.5047809,0.5088427,0.5108539,0.0797652,0.0677173
835,4/30/2015,0.4999442,0.499337,0.4883884,0.0635861,0.0830717
836,5/1/2015,0.4823834,0.482436,0.4828004,0.0643579,0.0704966
837,5/4/2015,0.4825694,0.4908958,0.4884073,0.0683268,0.0520665
838,5/5/2015,0.4819741,0.4828095,0.4795613,0.0545733,0.0550741
839,5/6/2015,0.4690081,0.4690646,0.461945,0.0455053,0.0624389
840,5/7/2015,0.4555212,0.4710815,0.4631952,0.0544355,0.0616099
841,5/8/2015,0.4790721,0.4854427,0.4693514,0.0647989,0.060861
842,5/11/2015,0.4822717,0.4869927,0.4890514,0.061326,0.0359391
843,5/12/2015,0.4696778,0.4706146,0.4698439,0.0521478,0.0651302
844,5/13/2015,0.4677431,0.4726875,0.4762843,0.0529471,0.0498358
845,5/14/2015,0.4737146,0.4814275,0.4833876,0.0650469,0.0559071
846,5/15/2015,0.4837786,0.4819318,0.4795424,0.0587765,0.0786304
847,5/18/2015,0.4704405,0.4736213,0.4766442,0.0566404,0.0799159
848,5/19/2015,0.4741052,0.4845276,0.484581,0.0636137,0.0784541
849,5/20/2015,0.482495,0.4887482,0.4844484,0.0662459,0.0569844
850,5/21/2015,0.4814904,0.4904663,0.49015,0.070711,0.0582619
851,5/22/2015,0.485583,0.49112,0.4968366,0.0674035,0.0467881
852,5/26/2015,0.4818067,0.4814275,0.4785952,0.056668,0.0960593
853,5/27/2015,0.4719101,0.4843222,0.4820617,0.0669625,0.0607569
854,5/28/2015,0.4816021,0.4844342,0.4906615,0.0669487,0.0409251
855,5/29/2015,0.4804115,0.4807365,0.4815692,0.0563786,0.1037044
856,6/1/2015,0.4793325,0.4773003,0.4783679,0.0589694,0.0759471
857,6/2/2015,0.4721519,0.4888976,0.4813419,0.0661219,0.0773368
858,6/3/2015,0.4851365,0.4898314,0.4922905,0.0676791,0.068346
859,6/4/2015,0.481137,0.4843969,0.4870056,0.0627041,0.0536804
860,6/5/2015,0.478514,0.478066,0.483596,0.0580599,0.0552783
861,6/8/2015,0.4728588,0.472314,0.4717003,0.0491022,0.0605807
862,6/9/2015,0.4621624,0.4631259,0.4655819,0.0489092,0.0579656
863,6/10/2015,0.4655108,0.4802323,0.4775913,0.0626904,0.0723708
864,6/11/2015,0.4823648,0.4813902,0.4845431,0.0598239,0.0484421
865,6/12/2015,0.4696778,0.4704465,0.4791256,0.0566818,0.0379616
866,6/15/2015,0.4629809,0.4614451,0.4674572,0.0496121,0.0650701
867,6/16/2015,0.463725,0.4639476,0.4704122,0.0509213,0.0426071
868,6/17/2015,0.4655294,0.46645,0.4695408,0.052451,0.0515138
869,6/18/2015,0.4685616,0.4798401,0.480319,0.0627455,0.0730957
870,6/19/2015,0.4801138,0.4800269,0.4845242,0.0626904,0.0755146
871,6/22/2015,0.4845413,0.4902796,0.4930861,0.0647575,0.0497557
872,6/23/2015,0.4846343,0.4860963,0.4887672,0.0679134,0.0476412
873,6/24/2015,0.485304,0.483295,0.4895439,0.0642752,0.0512095
874,6/25/2015,0.4832019,0.4849758,0.4887294,0.0606783,0.0531758
875,6/26/2015,0.4802069,0.4791118,0.4813798,0.0557998,0.084149
876,6/29/2015,0.4574187,0.462024,0.4609032,0.0417844,0.0772887
877,6/30/2015,0.4592976,0.4576167,0.4608274,0.0403925,0.0884782
878,7/1/2015,0.4568978,0.4565709,0.4565275,0.0422254,0.0782179
879,7/2/2015,0.4501079,0.4546286,0.461926,0.0443752,0.049179
880,7/6/2015,0.4471687,0.4557492,0.4579861,0.0436311,0.0509652
881,7/7/2015,0.4539214,0.4574859,0.4507501,0.0466078,0.0636484
882,7/8/2015,0.4500521,0.451043,0.4525117,0.035321,0.0516139
883,7/9/2015,0.4539028,0.4529852,0.4605433,0.0406268,0.073348
884,7/10/2015,0.4597998,0.4694007,0.4703932,0.0536499,0.0780457
885,7/13/2015,0.4720589,0.4965731,0.4833687,0.0762785,0.0880497
886,7/14/2015,0.4978793,0.5315704,0.5104751,0.0963301,0.1296035
887,7/15/2015,0.5227509,0.5327843,0.5295689,0.0951173,0.0711534
888,7/16/2015,0.5320336,0.5592657,0.5451205,0.1221697,0.1906448
889,7/17/2015,0.688072,0.7344202,0.6966586,0.2504444,0.4468162
890,7/20/2015,0.7071211,0.7239808,0.7118313,0.2367873,0.2344013
891,7/21/2015,0.6996242,0.731675,0.7142749,0.2357951,0.1349339
892,7/22/2015,0.7101905,0.7422078,0.7231778,0.2355195,0.1570445
893,7/23/2015,0.7108974,0.7141763,0.6890817,0.2109615,0.1209932
894,7/24/2015,0.6843515,0.6853045,0.6540764,0.182407,0.1448859
895,7/27/2015,0.6359848,0.659402,0.65025,0.187506,0.1068282
896,7/28/2015,0.6579917,0.6566568,0.6555728,0.1885258,0.0688586
897,7/29/2015,0.6504948,0.6576466,0.6543226,0.1939418,0.0627633
898,7/30/2015,0.6527271,0.6611201,0.6531861,0.1948514,0.0587225
899,7/31/2015,0.6552943,0.6568062,0.6597212,0.1852321,0.0680096
900,8/3/2015,0.6440583,0.6570863,0.6594181,0.1929496,0.0519263
901,8/4/2015,0.6497879,0.6603545,0.6628656,0.1902485,0.0593913
902,8/5/2015,0.6607821,0.6847256,0.6742309,0.2102725,0.0931678
903,8/6/2015,0.680631,0.6800941,0.6725072,0.2087565,0.0626632
904,8/7/2015,0.6717576,0.6750518,0.6676959,0.1985861,0.0559071
905,8/10/2015,0.6703624,0.6764711,0.670613,0.1964224,0.0721386
906,8/11/2015,0.7256492,0.7352233,0.7142181,0.2337004,0.2010933
907,8/12/2015,0.7142645,0.7167348,0.7104675,0.2320191,0.1172928
908,8/13/2015,0.7072699,0.7158011,0.7092741,0.2277331,0.0721986
909,8/14/2015,0.6992522,0.7071171,0.7111684,0.2286565,0.0426191
910,8/17/2015,0.702582,0.7099744,0.7084786,0.2338244,0.0418022
911,8/18/2015,0.7120694,0.7148673,0.7126837,0.2272921,0.0579976
912,8/19/2015,0.70221,0.7204699,0.7140665,0.2338657,0.0850501
913,8/20/2015,0.7000893,0.7129811,0.6926807,0.2144757,0.1140328
914,8/21/2015,0.6709205,0.6701403,0.6347742,0.1671375,0.1704966
915,8/24/2015,0.5466925,0.5940949,0.5452152,0.1356201,0.2307729
916,8/25/2015,0.6246559,0.6279343,0.5756365,0.1252153,0.1413736
917,8/26/2015,0.6161731,0.6545651,0.6096189,0.1893803,0.1693232
918,8/27/2015,0.6702136,0.6767513,0.6530914,0.2017695,0.1395034
919,8/28/2015,0.6579731,0.6642202,0.6579406,0.1918057,0.0789267
920,8/31/2015,0.6481509,0.6622033,0.6449083,0.1750892,0.0868562
921,9/1/2015,0.6013096,0.6193624,0.6002425,0.146893,0.1479455
922,9/2/2015,0.6073183,0.6221264,0.6108691,0.1697008,0.1028314
923,9/3/2015,0.6285438,0.6321549,0.6167601,0.1585519,0.0701522
924,9/4/2015,0.5969194,0.6018264,0.6024208,0.1509034,0.083344
925,9/8/2015,0.620154,0.6258054,0.6192226,0.1701418,0.0909732
926,9/9/2015,0.6363941,0.6448727,0.629603,0.1674683,0.0678494
927,9/10/2015,0.6212888,0.6404654,0.6330694,0.1793614,0.0759872
928,9/11/2015,0.6336595,0.6434908,0.6444158,0.1854526,0.0546896
929,9/14/2015,0.644728,0.6436402,0.6482232,0.181966,0.0678574
930,9/15/2015,0.6465883,0.6676191,0.6564631,0.1983656,0.0831598
931,9/16/2015,0.6629027,0.6662185,0.6726398,0.1995232,0.0512054
932,9/17/2015,0.6672185,0.6904028,0.6777542,0.2090597,0.0907809
933,9/18/2015,0.6653583,0.6700469,0.6626004,0.1902485,0.2052663
934,9/21/2015,0.6609123,0.6634919,0.6605546,0.198779,0.0713096
935,9/22/2015,0.6471464,0.6467963,0.6406463,0.1812081,0.1023228
936,9/23/2015,0.6379381,0.6493734,0.6493029,0.1807533,0.0585903
937,9/24/2015,0.6278741,0.6463667,0.6349068,0.185494,0.0893953
938,9/25/2015,0.6522993,0.6509422,0.6322549,0.1664347,0.0867481
939,9/28/2015,0.6161545,0.6226119,0.5913017,0.1428965,0.1249419
940,9/29/2015,0.5918595,0.6046837,0.5928929,0.1430068,0.0921746
941,9/30/2015,0.6030211,0.6117056,0.6128012,0.1615424,0.0963356
942,10/1/2015,0.6124898,0.6179244,0.6111343,0.1654976,0.0744774
943,10/2/2015,0.6103133,0.6464041,0.6173473,0.1870237,0.1072046
944,10/5/2015,0.6564477,0.6756681,0.6625625,0.207089,0.0719143
945,10/6/2015,0.6691718,0.6873214,0.6806145,0.2125601,0.0864397
946,10/7/2015,0.6885185,0.6898612,0.6723178,0.2083155,0.0834922
947,10/8/2015,0.6738597,0.6783573,0.6598348,0.2039056,0.0870725
948,10/9/2015,0.6713297,0.6812333,0.6783225,0.2100382,0.0657109
949,10/12/2015,0.6752177,0.6859208,0.6853122,0.2142552,0.0507529
950,10/13/2015,0.6771895,0.7033074,0.6931543,0.222014,0.0720785
951,10/14/2015,0.6959037,0.7062581,0.7039514,0.2204429,0.0563716
952,10/15/2015,0.6986011,0.7132426,0.714578,0.2350234,0.0752022
953,10/16/2015,0.7161805,0.7166788,0.7197681,0.2356573,0.064205
954,10/19/2015,0.71073,0.7201337,0.7242764,0.2410319,0.0588466
955,10/20/2015,0.7160503,0.7162119,0.6951432,0.2192302,0.0994033
956,10/21/2015,0.6976524,0.6996844,0.6904645,0.2086601,0.0714137
957,10/22/2015,0.6837934,0.7032887,0.6947833,0.2213111,0.1627193
958,10/23/2015,0.8341022,0.8381235,0.8036824,0.2905062,0.2661594
959,10/26/2015,0.7858286,0.8178609,0.8032278,0.3053622,0.1084782
960,10/27/2015,0.7966739,0.8075336,0.8094598,0.2994501,0.0896235
961,10/28/2015,0.7965808,0.8063384,0.8066753,0.3055965,0.0869443
962,10/29/2015,0.8024779,0.8161989,0.8198022,0.3110676,0.0579936
963,10/30/2015,0.812207,0.8157133,0.819878,0.3026474,0.0761274
964,11/2/2015,0.8035196,0.8224737,0.8119223,0.3168419,0.0752263
965,11/3/2015,0.8180296,0.8281323,0.828724,0.3182889,0.0623748
966,11/4/2015,0.8238708,0.8439128,0.8423246,0.3264887,0.0680336
967,11/5/2015,0.8377669,0.8558276,0.8566639,0.330816,0.0742371
968,11/6/2015,0.8415433,0.8482268,0.8520041,0.334275,0.0602203
969,11/9/2015,0.8391249,0.8469195,0.8376459,0.3220512,0.0825751
970,11/10/2015,0.8283354,0.8392254,0.8358842,0.3267781,0.0640809
971,11/11/2015,0.8433291,0.8586662,0.8581035,0.3365351,0.0544053
972,11/12/2015,0.8406131,0.8526902,0.8551106,0.3307884,0.0732599
973,11/13/2015,0.8372089,0.8402712,0.8325314,0.3111779,0.0828034
974,11/16/2015,0.8119652,0.8371711,0.8223026,0.3276601,0.0760112
975,11/17/2015,0.8374321,0.8415598,0.8444651,0.3226162,0.0601922
976,11/18/2015,0.8342511,0.8594319,0.8519851,0.3428745,0.0671366
977,11/19/2015,0.8550115,0.8605337,0.8717419,0.3406833,0.0528314
978,11/20/2015,0.8695029,0.8902646,0.8822928,0.3657511,0.0882819
979,11/23/2015,0.889817,0.89921,0.8989998,0.3648967,0.0563316
980,11/24/2015,0.8796785,0.8853344,0.8721208,0.3542852,0.0931197
981,11/25/2015,0.872498,0.8792089,0.8880891,0.3541061,0.0446215
982,11/27/2015,0.8730932,0.8818421,0.8907978,0.3570139,0.0332639
983,11/30/2015,0.8737443,0.8846807,0.8790158,0.3464576,0.0836884
984,12/1/2015,0.8705819,0.9108634,0.8893014,0.3801386,0.0851702
985,12/2/2015,0.9111169,0.9239547,0.9125246,0.3737166,0.0890068
986,12/3/2015,0.9057408,0.9109381,0.8872746,0.360156,0.1034321
987,12/4/2015,0.8817248,0.9100043,0.8955524,0.3798217,0.1101081
988,12/7/2015,0.9090148,0.9104525,0.905194,0.3749156,0.0722627
989,12/8/2015,0.8906355,0.9031132,0.9035081,0.3737029,0.0729515
990,12/9/2015,0.8930166,0.9020487,0.8709274,0.3588744,0.1078134
991,12/10/2015,0.8812598,0.8863989,0.883865,0.3559114,0.079175
992,12/11/2015,0.8595134,0.8674622,0.8704539,0.3413172,0.0887665
993,12/14/2015,0.8606853,0.8731021,0.8466245,0.3535824,0.0962996
994,12/15/2015,0.8815388,0.8905634,0.8823117,0.3475601,0.1064598
995,12/16/2015,0.875958,0.8952509,0.8755304,0.3678045,0.0795114
996,12/17/2015,0.8990624,0.899154,0.8936581,0.3558701,0.0618943
997,12/18/2015,0.8694657,0.8831867,0.8731058,0.3419236,0.1257829
998,12/21/2015,0.8687588,0.8754739,0.8766101,0.3535824,0.0607849
999,12/22/2015,0.8790275,0.8845313,0.8870852,0.3566556,0.0543652
1000,12/23/2015,0.8824131,0.8833361,0.884187,0.3570828,0.0623949
1001,12/24/2015,0.8751209,0.877995,0.8891499,0.3544506,0.020797
1002,12/28/2015,0.88139,0.8997329,0.8946431,0.3738958,0.0603684
1003,12/29/2015,0.9070057,0.9314621,0.9266745,0.3933134,0.0703684
1004,12/30/2015,0.9254409,0.9270174,0.9275648,0.385596,0.0514778
1005,12/31/2015,0.9122331,0.9118905,0.9113502,0.3688932,0.0593392
1006,1/4/2016,0.8629362,0.8643808,0.8600546,0.3454102,0.1307529
1007,1/5/2016,0.8693541,0.8792089,0.8740339,0.34643,0.0778054
1008,1/6/2016,0.8387529,0.8702075,0.8556221,0.3478632,0.0776572
1009,1/7/2016,0.8393296,0.8539974,0.836945,0.3241184,0.118374
1010,1/8/2016,0.8414503,0.8441556,0.825466,0.3076912,0.0978374
1011,1/11/2016,0.813844,0.8173007,0.8075466,0.3098411,0.0834081
1012,1/12/2016,0.8232755,0.8357891,0.833649,0.3236774,0.0807609
1013,1/13/2016,0.8403341,0.8469756,0.7982081,0.2885217,0.0998718
1014,1/14/2016,0.7929533,0.823034,0.780194,0.3080358,0.0888226
1015,1/15/2016,0.7686026,0.794685,0.7731285,0.2801014,0.1435523
1016,1/19/2016,0.789084,0.8007358,0.7883581,0.2902168,0.0905166
1017,1/20/2016,0.7617568,0.7948905,0.7501894,0.2856139,0.1376492
1018,1/21/2016,0.7870005,0.8179356,0.790347,0.2968317,0.0962875
1019,1/22/2016,0.8268472,0.8346313,0.8389529,0.3225473,0.0802523
1020,1/25/2016,0.82681,0.8375259,0.8198022,0.3038325,0.0682339
1021,1/26/2016,0.8087097,0.8162362,0.8131156,0.3057205,0.0530156
1022,1/27/2016,0.8083749,0.8161428,0.7902144,0.2877362,0.0875571
1023,1/28/2016,0.8242801,0.8450147,0.8242347,0.3304163,0.1068682
1024,1/29/2016,0.8415991,0.8661176,0.8516063,0.3469399,0.1388226
1025,2/1/2016,0.8768138,0.8901526,0.8828042,0.3594118,0.2054986
1026,2/2/2016,0.9401369,0.9499318,0.9233028,0.3768449,0.2539127
1027,2/3/2016,0.9135724,0.9212281,0.8396727,0.3248901,0.2468202
1028,2/4/2016,0.8253776,0.832521,0.8043643,0.2987886,0.20668
1029,2/5/2016,0.7901444,0.7895494,0.7632406,0.2651076,0.204157
1030,2/8/2016,0.7231379,0.7522737,0.7308683,0.2639637,0.1697837
1031,2/9/2016,0.7314532,0.7819112,0.7416843,0.2575831,0.1442131
1032,2/10/2016,0.7585014,0.7845444,0.7669912,0.2658655,0.1053304
1033,2/11/2016,0.7364387,0.7622089,0.7418738,0.2644736,0.1207889
1034,2/12/2016,0.7648263,0.770426,0.7603046,0.2634952,0.0854425
1035,2/16/2016,0.7698862,0.7783629,0.7725224,0.2753469,0.1006047
1036,2/17/2016,0.7793921,0.8003063,0.7845128,0.2993261,0.0995074
1037,2/18/2016,0.8015477,0.8051618,0.793321,0.284098,0.0751021
1038,2/19/2016,0.7736997,0.7878499,0.7895704,0.289004,0.063332
1039,2/22/2016,0.7968041,0.8068239,0.8055955,0.2966526,0.0777693
1040,2/23/2016,0.7856425,0.7977851,0.7886801,0.2820308,0.0801522
1041,2/24/2016,0.7623335,0.782098,0.764434,0.2871436,0.078322
1042,2/25/2016,0.7829638,0.7932657,0.7830164,0.2956741,0.0654505
1043,2/26/2016,0.7989062,0.8071787,0.8024701,0.294737,0.0895314
1044,2/29/2016,0.7835404,0.8024352,0.7964464,0.2846768,0.0990469
1045,3/1/2016,0.7896793,0.817226,0.8004054,0.3136723,0.085843
1046,3/2/2016,0.8182901,0.8194483,0.8235718,0.3137274,0.0649219
1047,3/3/2016,0.8176948,0.8184212,0.8122443,0.3048661,0.0780977
1048,3/4/2016,0.8108304,0.8128933,0.8122443,0.3027576,0.0786624
1049,3/7/2016,0.7957809,0.7972062,0.7760267,0.2810799,0.1192311
1050,3/8/2016,0.7617196,0.7891759,0.7730717,0.2794399,0.0828354
1051,3/9/2016,0.780099,0.7927055,0.7894757,0.2949713,0.0566119
1052,3/10/2016,0.7980505,0.8128,0.8072056,0.3054174,0.1131598
1053,3/11/2016,0.8201503,0.8323716,0.8332891,0.3247109,0.0786103
1054,3/14/2016,0.8328187,0.8483949,0.8484808,0.3297686,0.0684982
1055,3/15/2016,0.8330233,0.8424001,0.847761,0.3267919,0.0686063
1056,3/16/2016,0.8320001,0.8520739,0.8472685,0.337486,0.0647377
1057,3/17/2016,0.8507515,0.862532,0.8690332,0.3398151,0.074205
1058,3/18/2016,0.8608155,0.8605337,0.8611343,0.339567,0.1190549
1059,3/21/2016,0.8508446,0.8614675,0.8643355,0.3457547,0.0732319
1060,3/22/2016,0.8526304,0.8661363,0.8717988,0.3439081,0.0505326
1061,3/23/2016,0.8617457,0.8674809,0.8693173,0.3402009,0.0570364
1062,3/24/2016,0.842492,0.8525968,0.8595621,0.3363973,0.0635563
1063,3/28/2016,0.851384,0.8549125,0.8624034,0.3339581,0.0517982
1064,3/29/2016,0.8472915,0.8703382,0.855319,0.3494481,0.0759271
1065,3/30/2016,0.8761441,0.8901899,0.8931656,0.357386,0.0710653
1066,3/31/2016,0.8745628,0.8770613,0.8783907,0.3496961,0.0685182
1067,4/1/2016,0.8547511,0.8761088,0.8709274,0.3565316,0.0628274
1068,4/4/2016,0.8760696,0.8807029,0.8812131,0.3501647,0.0451061
1069,4/5/2016,0.8536349,0.8620278,0.8678398,0.3398426,0.04503
1070,4/6/2016,0.8494866,0.868452,0.8681997,0.3507159,0.0418823
1071,4/7/2016,0.867345,0.8698713,0.8695636,0.3432603,0.0578815
1072,4/8/2016,0.8647407,0.8669767,0.8681808,0.3417031,0.0513777
1073,4/11/2016,0.8629734,0.8661363,0.8691279,0.3374998,0.0485463
1074,4/12/2016,0.8536349,0.8639513,0.859581,0.3471328,0.0538686
1075,4/13/2016,0.8743954,0.8836536,0.8846795,0.3590259,0.0680497
1076,4/14/2016,0.8834177,0.8891254,0.9006857,0.3610656,0.0451502
1077,4/15/2016,0.8833619,0.8960166,0.9006478,0.3690586,0.0721426
1078,4/18/2016,0.8954163,0.9091826,0.9093802,0.379546,0.0619984
1079,4/19/2016,0.9122517,0.9126375,0.8942832,0.3620716,0.0810012
1080,4/20/2016,0.8908401,0.8906568,0.8955713,0.3603352,0.0609251
1081,4/21/2016,0.8859662,0.8949894,0.8947,0.3692515,0.1222507
1082,4/22/2016,0.8318699,0.8495527,0.8266215,0.3136171,0.2380457
1083,4/25/2016,0.8128953,0.8267877,0.830372,0.3196533,0.0781458
1084,4/26/2016,0.8302329,0.8302239,0.8065805,0.2989678,0.1095995
1085,4/27/2016,0.7965064,0.7988683,0.7863691,0.2957981,0.1237765
1086,4/28/2016,0.7983109,0.8085607,0.7810464,0.2753745,0.1145134
1087,4/29/2016,0.7656448,0.7776533,0.7800045,0.2781169,0.0993112
1088,5/2/2016,0.7785363,0.7832932,0.783793,0.2852831,0.0655747
1089,5/3/2016,0.7771226,0.7780641,0.7856872,0.2772212,0.0615098
1090,5/4/2016,0.7652541,0.7816311,0.7800235,0.2818241,0.067505
1091,5/5/2016,0.7786666,0.7864306,0.7927337,0.2897207,0.0671045
1092,5/6/2016,0.7799315,0.8042467,0.7972609,0.3030746,0.0728154
1093,5/9/2016,0.8052682,0.8170392,0.8197833,0.3055276,0.0601682
1094,5/10/2016,0.8141045,0.8259846,0.8306183,0.3196946,0.0625431
1095,5/11/2016,0.8264938,0.8278148,0.8250871,0.3088213,0.0674489
1096,5/12/2016,0.8146812,0.8180477,0.8178891,0.3060926,0.054177
1097,5/13/2016,0.805138,0.8132108,0.8183816,0.3026749,0.0523268
1098,5/16/2016,0.7999293,0.8166097,0.8115434,0.310475,0.0524309
1099,5/17/2016,0.8126907,0.822287,0.8086263,0.2963356,0.0798278
1100,5/18/2016,0.7897723,0.8037612,0.8020344,0.2968868,0.0704405
1101,5/19/2016,0.7873354,0.7933031,0.7947795,0.288191,0.0665719
1102,5/20/2016,0.7859588,0.8093264,0.801826,0.3011728,0.0729075
1103,5/23/2016,0.7950926,0.8035371,0.8087589,0.2935932,0.0529756
1104,5/24/2016,0.7957065,0.8212598,0.8138354,0.3154362,0.0769563
1105,5/25/2016,0.8215641,0.8334734,0.8381762,0.3225749,0.0649299
1106,5/26/2016,0.8254892,0.8350048,0.8392559,0.32099,0.0628114
1107,5/27/2016,0.8276099,0.8454815,0.8463025,0.3327591,0.0787385
1108,5/31/2016,0.8419897,0.8562945,0.8600546,0.3369761,0.084966
1109,6/1/2016,0.8471798,0.8515883,0.858918,0.3348125,0.0498879
1110,6/2/2016,0.8434035,0.8437634,0.8466245,0.3296446,0.0534201
1111,6/3/2016,0.8373949,0.8371711,0.8397863,0.318537,0.0487946
1112,6/6/2016,0.8292842,0.8286178,0.8285157,0.3105577,0.0623708
1113,6/7/2016,0.8198527,0.823146,0.8321905,0.3106955,0.0531958
1114,6/8/2016,0.8275169,0.835453,0.8398242,0.326723,0.0631077
1115,6/9/2016,0.8254892,0.8372645,0.8431581,0.3271364,0.0392871
1116,6/10/2016,0.8191644,0.830448,0.8319632,0.3144991,0.0483981
1117,6/13/2016,0.813658,0.8296076,0.8321147,0.3130521,0.0501001
1118,6/14/2016,0.8136022,0.8240611,0.8256933,0.3129281,0.0519904
1119,6/15/2016,0.8182901,0.8250135,0.8336301,0.3138238,0.048322
1120,6/16/2016,0.8106816,0.8131921,0.8070162,0.3020272,0.0790789
1121,6/17/2016,0.7990364,0.7985695,0.7789627,0.2763392,0.1359431
1122,6/20/2016,0.780657,0.7867294,0.7883581,0.2790816,0.0830837
1123,6/21/2016,0.7799687,0.787271,0.7857062,0.2821548,0.0583781
1124,6/22/2016,0.7811965,0.783704,0.787733,0.2842495,0.0471125
1125,6/23/2016,0.7782015,0.7857396,0.7762161,0.290327,0.086644
1126,6/24/2016,0.736755,0.7623023,0.7505493,0.2536003,0.1778574
1127,6/27/2016,0.7289977,0.7303677,0.731285,0.2440087,0.10497
1128,6/28/2016,0.7438239,0.7453639,0.7496969,0.2602428,0.0867401
1129,6/29/2016,0.7513208,0.7586233,0.7656274,0.2658517,0.0770805
1130,6/30/2016,0.7559156,0.7677554,0.7698704,0.2768629,0.0636684
1131,7/1/2016,0.7684352,0.7833119,0.7859335,0.2866612,0.0535362
1132,7/5/2016,0.7756157,0.7763834,0.7797772,0.2807905,0.0582579
1133,7/6/2016,0.7643054,0.7852354,0.780175,0.2846768,0.0562275
1134,7/7/2016,0.7793735,0.7787364,0.778527,0.2813555,0.0519143
1135,7/8/2016,0.782015,0.7927615,0.7940786,0.2955087,0.0627673
1136,7/11/2016,0.7979202,0.8129307,0.8145552,0.3085457,0.0442091
1137,7/12/2016,0.8185133,0.8249388,0.8309782,0.3161942,0.0532239
1138,7/13/2016,0.8268844,0.8269184,0.8327588,0.3111503,0.0371646
1139,7/14/2016,0.8230895,0.8235756,0.8349939,0.3166214,0.0377373
1140,7/15/2016,0.8308096,0.8301679,0.836926,0.3151055,0.0509171
1141,7/18/2016,0.8251916,0.8495714,0.8409797,0.3343026,0.0515659
1142,7/19/2016,0.8385483,0.8511775,0.8557736,0.338685,0.0488426
1143,7/20/2016,0.8523886,0.8607765,0.8711168,0.3445144,0.0513336
1144,7/21/2016,0.8580252,0.8599548,0.8687112,0.3409865,0.0407849
1145,7/22/2016,0.8608155,0.8628495,0.870094,0.3466505,0.0501362
1146,7/25/2016,0.8586018,0.8616729,0.8718745,0.3425575,0.0410292
1147,7/26/2016,0.8555696,0.8599548,0.8657562,0.340697,0.0472087
1148,7/27/2016,0.8541558,0.8651278,0.8709274,0.3453137,0.0602563
1149,7/28/2016,0.8704517,0.8729527,0.8752841,0.3510191,0.1410613
1150,7/29/2016,0.9182045,0.9287915,0.9273185,0.3825503,0.1535282
1151,8/1/2016,0.8965883,0.9323025,0.9165593,0.3881868,0.1078334
1152,8/2/2016,0.9107262,0.9237306,0.9293643,0.3856924,0.0711494
1153,8/3/2016,0.9079173,0.918819,0.9274132,0.3886003,0.0512415
1154,8/4/2016,0.917293,0.920425,0.9311449,0.3864366,0.0453504
1155,8/5/2016,0.920195,0.9371767,0.9378694,0.4010584,0.0718182
1156,8/8/2016,0.9354863,0.936411,0.9487612,0.4004245,0.0440529
1157,8/9/2016,0.933812,0.948195,0.9534589,0.4038697,0.052503
1158,8/10/2016,0.9387417,0.9442172,0.9576451,0.4044485,0.0311774
1159,8/11/2016,0.941067,0.9497077,0.958005,0.4046828,0.0387345
1160,8/12/2016,0.9345561,0.937849,0.9531368,0.4024365,0.0293392
1161,8/15/2016,0.9387417,0.9454871,0.9525875,0.4013616,0.0372567
1162,8/16/2016,0.9323238,0.9333296,0.939953,0.3940576,0.040853
1163,8/17/2016,0.9267803,0.9330121,0.9401235,0.397875,0.036696
1164,8/18/2016,0.9317844,0.9368405,0.9466965,0.3945537,0.0284942
1165,8/19/2016,0.9224645,0.9260836,0.9393658,0.3916872,0.034185
1166,8/22/2016,0.9192462,0.9213028,0.9335316,0.3871808,0.0377853
1167,8/23/2016,0.9233574,0.9248511,0.9368086,0.3870843,0.0368562
1168,8/24/2016,0.9142421,0.9212281,0.9278868,0.3837217,0.0426151
1169,8/25/2016,0.9075824,0.9163539,0.9205183,0.3834048,0.0368042
1170,8/26/2016,0.9113029,0.9241788,0.9255758,0.3835839,0.0464077
1171,8/29/2016,0.9108193,0.9221432,0.9270155,0.3871808,0.0336284
1172,8/30/2016,0.9119168,0.9211721,0.9274511,0.3829638,0.0449379
1173,8/31/2016,0.907601,0.9111248,0.9246856,0.3801524,0.0496876
1174,9/1/2016,0.911768,0.9147291,0.9226398,0.3825366,0.0367321
1175,9/2/2016,0.9187626,0.9201449,0.9304251,0.3862299,0.0426432
1176,9/6/2016,0.9195811,0.9352345,0.9353311,0.3981092,0.057465
1177,9/7/2016,0.9317658,0.9365978,0.9451811,0.3984813,0.0354746
1178,9/8/2016,0.9291428,0.9321531,0.9402182,0.3915494,0.0505567
1179,9/9/2016,0.9133492,0.918875,0.9138506,0.3699682,0.0751942
1180,9/12/2016,0.8855012,0.9133658,0.9031293,0.3828673,0.0521866
1181,9/13/2016,0.9028946,0.905765,0.9065389,0.3700095,0.0555507
1182,9/14/2016,0.8938351,0.9084916,0.9128088,0.3738682,0.0432319
1183,9/15/2016,0.8999368,0.9199208,0.9144189,0.3866433,0.0519503
1184,9/16/2016,0.9126981,0.9123574,0.9233217,0.3826744,0.0817541
1185,9/19/2016,0.917665,0.9202943,0.922905,0.378292,0.046652
1186,9/20/2016,0.9113029,0.9190431,0.9306524,0.386161,0.0388746
1187,9/21/2016,0.9181115,0.9261957,0.9302167,0.3927897,0.0464517
1188,9/22/2016,0.9317658,0.9498945,0.9494242,0.4079352,0.059203
1189,9/23/2016,0.9440249,0.9481764,0.9602402,0.407508,0.0562275
1190,9/26/2016,0.9368629,0.9366164,0.9392522,0.3900197,0.0610853
1191,9/27/2016,0.9233946,0.9426859,0.941601,0.4021471,0.045867
1192,9/28/2016,0.9277662,0.9348796,0.9428512,0.4001488,0.044129
1193,9/29/2016,0.9344445,0.942331,0.9414495,0.3911222,0.0523348
1194,9/30/2016,0.9249386,0.9332549,0.9411843,0.3942643,0.0631718
1195,10/3/2016,0.9210693,0.9241601,0.9324898,0.3877458,0.0508971
1196,10/4/2016,0.9243805,0.9290903,0.9389112,0.3930791,0.0477974
1197,10/5/2016,0.9304822,0.9353652,0.9441393,0.3931342,0.0582018
1198,10/6/2016,0.9299055,0.9323958,0.9439309,0.3936717,0.0425631
1199,10/7/2016,0.9311333,0.9308645,0.9348576,0.3912187,0.0370565
1200,10/10/2016,0.9275058,0.9490168,0.944556,0.406185,0.0467361
1201,10/11/2016,0.9441551,0.9544326,0.9534778,0.4022298,0.0546496
1202,10/12/2016,0.9387603,0.9466824,0.9562813,0.4064606,0.0372247
1203,10/13/2016,0.9340353,0.9337778,0.9391196,0.3955046,0.0543612
1204,10/14/2016,0.9348352,0.9388761,0.9448022,0.3959732,0.0338246
1205,10/17/2016,0.9313937,0.9424244,0.9476436,0.3979439,0.0434561
1206,10/18/2016,0.9463688,0.9718565,0.96293,0.419029,0.0820585
1207,10/19/2016,0.9656969,0.9774404,0.9865321,0.4276284,0.0704405
1208,10/20/2016,0.9751098,0.9762638,0.9827436,0.4213856,0.0700681
1209,10/21/2016,0.9596696,0.967916,0.9788983,0.424693,0.0503925
1210,10/24/2016,0.9780862,0.9971987,0.9993938,0.4436283,0.0676652
1211,10/25/2016,1.0,1.0,1.0,0.4361314,0.0628154
1212,10/26/2016,0.9807649,0.9818851,0.9832929,0.4242796,0.0656708
1213,10/27/2016,0.9708312,0.9753674,0.9741628,0.419153,0.1097837
1214,10/28/2016,0.9845041,0.9977777,0.9781217,0.4191806,0.1706848
1215,10/31/2016,0.9605439,0.9629858,0.9599561,0.4042556,0.0968923
1216,11/1/2016,0.9371419,0.9492222,0.9439309,0.402974,0.0960553
1217,11/2/2016,0.9284173,0.9345808,0.9210297,0.3824263,0.0746696
1218,11/3/2016,0.9080475,0.9127309,0.9126572,0.3733721,0.077505
1219,11/4/2016,0.8771858,0.9134966,0.8966131,0.3732205,0.0851782
1220,11/7/2016,0.9215343,0.9411919,0.9382672,0.4014718,0.0631638
1221,11/8/2016,0.9380906,0.9606887,0.9527391,0.4124829,0.0544253
1222,11/9/2016,0.9316541,0.9524717,0.9366002,0.4053168,0.1040929
1223,11/10/2016,0.9525448,0.9523596,0.8996818,0.3739647,0.1897197
1224,11/11/2016,0.8881241,0.8956057,0.8962722,0.3621956,0.0970725
1225,11/14/2016,0.8863755,0.8901339,0.853008,0.3374723,0.1460352
1226,11/15/2016,0.8703215,0.9024035,0.8898129,0.3683558,0.0951582
1227,11/16/2016,0.8856314,0.9060265,0.8965184,0.3766107,0.0586584
1228,11/17/2016,0.9074336,0.9178665,0.9225072,0.3859129,0.0519063
1229,11/18/2016,0.9157117,0.9221618,0.9144946,0.3711809,0.061642
1230,11/21/2016,0.8994159,0.912264,0.9156312,0.3831154,0.0529716
1231,11/22/2016,0.9180557,0.9258222,0.9277542,0.3818337,0.0634842
1232,11/23/2016,0.9089404,0.9096121,0.905497,0.3718011,0.0588907
1233,11/25/2016,0.9024853,0.9034867,0.9154796,0.372752,0.0232078
1234,11/28/2016,0.8945606,0.9306217,0.9141158,0.3817924,0.0873168
1235,11/29/2016,0.9160094,0.9286982,0.930103,0.3853755,0.0644253
1236,11/30/2016,0.9132934,0.9184081,0.9047015,0.3677356,0.0955146
1237,12/1/2016,0.8897983,0.8938689,0.8709842,0.3537891,0.1205447
1238,12/2/2016,0.865894,0.882944,0.8824822,0.3573447,0.0578534
1239,12/5/2016,0.8903006,0.9014324,0.9010456,0.3739096,0.0555186
1240,12/6/2016,0.9033596,0.9106393,0.909456,0.3692102,0.0673929
1241,12/7/2016,0.8964209,0.9153641,0.9065389,0.3858578,0.0702082
1242,12/8/2016,0.9177766,0.9281005,0.9281899,0.3930653,0.0592791
1243,12/9/2016,0.9317658,0.9491101,0.9505228,0.4108016,0.0726472
1244,12/12/2016,0.9411415,0.952509,0.960619,0.4107741,0.0839487
1245,12/13/2016,0.9576233,0.9770295,0.9776481,0.4201866,0.0855947
1246,12/14/2016,0.9641342,0.9763199,0.9789173,0.4215234,0.0679335
1247,12/15/2016,0.9640226,0.9744524,0.9768526,0.4225983,0.0648218
1248,12/16/2016,0.969715,0.9704559,0.9718707,0.4128826,0.0975531
1249,12/19/2016,0.9507776,0.9644798,0.9642559,0.4175682,0.0490268
1250,12/20/2016,0.9629437,0.9663286,0.9775155,0.4206276,0.0377693
1251,12/21/2016,0.9612322,0.9626496,0.9658282,0.4180643,0.0481938
1252,12/22/2016,0.9547585,0.9563748,0.9686316,0.4135165,0.0386183
1253,12/23/2016,0.9520426,0.9552916,0.9661691,0.4116561,0.0246496
1254,12/27/2016,0.9516333,0.9648533,0.9668889,0.4139162,0.0312855
1255,12/28/2016,0.9572513,0.9580742,0.9584407,0.4049584,0.0458911
1256,12/29/2016,0.9379604,0.9425738,0.9503334,0.4018439,0.0294914
1257,12/30/2016,0.9368815,0.9366911,0.9342135,0.386726,0.0705687
